#HQF Attribute Mapping Table,,,,,,,,,,
#Affecting Attribute,Affecting Type,Affecting ID,Affected Attribute,Affected Type,Affected ID,Stack Nerf,Per Level,Calc Type,State,Description
# SKILL ATTRIBUTE MAPPING,,,,,,,,,,
# DRONES,,,,,,,,,,
280,1,24613,763,2,407,0,1,10,0,Advanced Drone Interfacing
292,1,12484,114,5,12484,0,1,0,0,Amarr Drone Specialization - EM
292,1,12484,116,5,12484,0,1,0,0,Amarr Drone Specialization - Explosive
292,1,12484,117,5,12484,0,1,0,0,Amarr Drone Specialization - Kinetic
292,1,12484,118,5,12484,0,1,0,0,Amarr Drone Specialization - Thermal
292,1,12487,114,5,12487,0,1,0,0,Caldari Drone Specialization - EM
292,1,12487,116,5,12487,0,1,0,0,Caldari Drone Specialization - Explosive
292,1,12487,117,5,12487,0,1,0,0,Caldari Drone Specialization - Kinetic
292,1,12487,118,5,12487,0,1,0,0,Caldari Drone Specialization - Thermal
292,1,24241,114,4,837,0,1,0,0,Combat Drone Operation - Light - EM
292,1,24241,116,4,837,0,1,0,0,Combat Drone Operation - Light - Explosive
292,1,24241,117,4,837,0,1,0,0,Combat Drone Operation - Light - Kinetic
292,1,24241,118,4,837,0,1,0,0,Combat Drone Operation - Light - Thermal
292,1,24241,114,4,838,0,1,0,0,Combat Drone Operation - Medium - EM
292,1,24241,116,4,838,0,1,0,0,Combat Drone Operation - Medium - Explosive
292,1,24241,117,4,838,0,1,0,0,Combat Drone Operation - Medium - Kinetic
292,1,24241,118,4,838,0,1,0,0,Combat Drone Operation - Medium - Thermal
327,1,23618,9,3,18,0,1,0,0,Drone Durability - Hull
335,1,23618,265,3,18,0,1,0,0,Drone Durability - Armor
337,1,23618,263,3,18,0,1,0,0,Drone Durability - Shield
292,1,3442,114,2,100,0,1,0,0,Drone Interfacing - EM
292,1,3442,116,2,100,0,1,0,0,Drone Interfacing - Explosive
292,1,3442,117,2,100,0,1,0,0,Drone Interfacing - Kinetic
292,1,3442,118,2,100,0,1,0,0,Drone Interfacing - Thermal
434,1,3442,77,2,101,0,1,0,0,Drone Interfacing - Mining
591,1,12305,37,3,18,0,1,0,0,Drone Navigation
294,1,23606,54,3,18,0,1,0,0,Drone Sharpshooting
353,1,3436,10005,3,6,0,1,1,0,Drones
459,1,23566,10007,3,6,0,1,1,0,Electronic Warfare Drone Interfacing
292,1,23069,114,2,549,0,1,0,0,Fighters - EM
292,1,23069,116,2,549,0,1,0,0,Fighters - Explosive
292,1,23069,117,2,549,0,1,0,0,Fighters - Kinetic
292,1,23069,118,2,549,0,1,0,0,Fighters - Thermal
292,1,32339,64,2,1023,0,1,0,0,Fighter Bombers
292,1,12486,114,5,12486,0,1,0,0,Gallente Drone Specialization - EM
292,1,12486,116,5,12486,0,1,0,0,Gallente Drone Specialization - Explosive
292,1,12486,117,5,12486,0,1,0,0,Gallente Drone Specialization - Kinetic
292,1,12486,118,5,12486,0,1,0,0,Gallente Drone Specialization - Thermal
292,1,3441,114,4,839,0,1,0,0,Heavy Drone Operation - EM
292,1,3441,116,4,839,0,1,0,0,Heavy Drone Operation - Explosive
292,1,3441,117,4,839,0,1,0,0,Heavy Drone Operation - Kinetic
292,1,3441,118,4,839,0,1,0,0,Heavy Drone Operation - Theermal
434,1,3438,77,3,18,0,1,0,0,Mining Drone Operation
292,1,12485,114,5,12485,0,1,0,0,Minmatar Drone Specialization
292,1,12485,116,5,12485,0,1,0,0,Minmatar Drone Specialization
292,1,12485,117,5,12485,0,1,0,0,Minmatar Drone Specialization
292,1,12485,118,5,12485,0,1,0,0,Minmatar Drone Specialization
39,1,3439,68,2,640,0,1,0,0,Repair Drone Operation - Shield
39,1,3439,84,2,640,0,1,0,0,Repair Drone Operation - Armor
459,1,3437,10007,3,6,0,1,1,0,Scout Drone Operation
292,1,23594,114,4,911,0,1,0,0,Sentry Drone Interfacing - EM
292,1,23594,116,4,911,0,1,0,0,Sentry Drone Interfacing - Explosive
292,1,23594,117,4,911,0,1,0,0,Sentry Drone Interfacing - Kinetic
292,1,23594,118,4,911,0,1,0,0,Sentry Drone Interfacing - Thermal
# ELECTRONICS,,,,,,,,,,
619,1,11579,560,2,330,0,1,0,0,Cloaking
1296,1,21603,714,2,658,0,1,0,0,Cynosural Field Theory
317,1,3427,6,2,80,0,1,0,0,Electronic Warfare - ECM Burst
317,1,3427,6,2,201,0,1,0,0,Electronic Warfare - ECM
424,1,3426,48,3,6,0,1,0,0,Electronics
310,1,3432,50,5,3432,0,1,0,0,Electronics Upgrades
349,1,19760,158,2,201,0,1,0,0,Frequency Modulation - ECM
349,1,19760,158,2,208,0,1,0,0,Frequency Modulation - RSD
349,1,19760,158,2,291,0,1,0,0,Frequency Modulation - TD
349,1,19760,158,2,379,0,1,0,0,Frequency Modulation - TP
294,1,19759,54,2,201,0,1,0,0,Long Distance Jamming - ECM
294,1,19759,142,2,80,0,1,0,0,Long Distance Jamming - ECM Burst
294,1,19759,54,2,208,0,1,0,0,Long Distance Jamming - RSD
294,1,19759,54,2,291,0,1,0,0,Long Distance Jamming - TD
294,1,19759,54,2,379,0,1,0,0,Long Distance Jamming - TP
294,1,19759,54,2,209,0,1,0,0,Long Distance Jamming - Tracking Links
309,1,3428,76,3,6,0,1,0,0,Long Range Targeting
311,1,3430,10064,3,6,0,1,1,0,Multitasking
1193,1,27911,669,2,842,0,1,0,0,Projected Electronic Counter Measures
317,1,3435,6,2,52,0,1,0,0,Propulsion Jamming - Warp Scrambler
317,1,3435,6,2,65,0,1,0,0,Propulsion Jamming - Stasis Webifier
317,1,3435,6,2,899,0,1,0,0,Propulsion Jamming - WDFG
317,1,3433,6,2,290,0,1,0,0,Sensor Linking - RSB
317,1,3433,6,2,208,0,1,0,0,Sensor Linking - RSD
317,1,3433,6,2,209,0,1,0,0,Sensor Linking - Tracking Link
828,1,19761,238,2,201,0,1,0,0,Signal Dispersion - Grav ECM
828,1,19761,239,2,201,0,1,0,0,Signal Dispersion - Ladar ECM
828,1,19761,240,2,201,0,1,0,0,Signal Dispersion - Mag ECM
828,1,19761,241,2,201,0,1,0,0,Signal Dispersion - Radar ECM
828,1,19761,238,2,80,0,1,0,0,Signal Dispersion - ECM Burst
828,1,19761,239,2,80,0,1,0,0,Signal Dispersion - ECM Burst
828,1,19761,240,2,80,0,1,0,0,Signal Dispersion - ECM Burst
828,1,19761,241,2,80,0,1,0,0,Signal Dispersion - ECM Burst
828,1,19766,566,2,208,0,1,0,0,Signal Suppression - RSD Resolution
828,1,19766,309,2,208,0,1,0,0,Signal Suppression - RSD Range
566,1,3431,564,3,6,0,1,0,0,Signature Analysis
832,1,19922,554,2,379,0,1,0,0,Signature Focusing
308,1,3551,73,2,47;48;49,0,1,0,0,Survey
317,1,19921,6,2,379,0,1,0,0,Target Painting
311,1,3429,10064,3,6,0,1,1,0,Targeting
828,1,19767,767,2,291,0,1,0,0,Turret Destabilization - Tracking Speed
828,1,19767,351,2,291,0,1,0,0,Turret Destabilization - Optimal Range
828,1,19767,349,2,291,0,1,0,0,Turret Destabilization - Falloff
317,1,3434,6,2,291,0,1,0,0,Weapon Disruption
# ENGINEERING,,,,,,,,,,
317,1,24572,6,4,910,0,1,0,0,Capital Energy Emission Systems
317,1,24571,6,4,600,0,1,0,0,Capital Shield Emission Systems
851,1,21802,6,4,778,0,1,0,0,Capital Shield Operation
958,1,12365,984,2,295,0,1,0,0,EM Shield Compensation - Passive
988,1,12365,994,2,77,0,1,5,0,EM Shield Compensation - Active
317,1,3423,6,4,689,0,1,0,0,Energy Emission Systems - Small Energy Neut
317,1,3423,6,4,690,0,1,0,0,Energy Emission Systems - Medium Energy Neut
317,1,3423,6,4,691,0,1,0,0,Energy Emission Systems - Large Energy Neut
317,1,3423,6,2,67,0,1,0,0,Energy Emission Systems - Energy Transfer Array
310,1,3424,50,5,3424,0,1,0,0,Energy Grid Upgrades
1079,1,3418,482,3,6,0,1,0,0,Energy Management - Capacitor Capacity
1079,1,3418,67,2,61,0,1,0,0,Energy Management - Capacitor Batteries
66,1,3421,73,2,72,0,1,0,0,Energy Pulse Weapons
314,1,3417,55,3,6,0,1,0,0,Energy Systems Operation
313,1,3413,11,3,6,0,1,0,0,Engineering - Ship
313,1,3413,549,2,339,0,1,0,0,Engineering - MAPC
958,1,12367,985,2,295,0,1,0,0,Explosive Shield Compensation - Passive
988,1,12367,995,2,77,0,1,5,0,Explosive Shield Compensation - Acitve
958,1,12366,986,2,295,0,1,0,0,Kinetic Shield Compensation - Passive
988,1,12366,996,2,77,0,1,5,0,Kinetic Shield Compensation - Active
851,1,21059,6,4,609;610;611;612,0,1,0,0,Shield Compensation
317,1,3422,6,2,41,0,1,0,0,Shield Emission Systems
337,1,3419,263,3,6,0,1,0,0,Shield Management - Shields
337,1,3419,72,2,38,0,1,0,0,Shield Management - Shield Extenders
338,1,3416,479,3,6,0,1,0,0,Shield Operation
323,1,3425,30,5,3425,0,1,0,0,Shield Upgrades
336,1,3420,484,3,6,0,1,0,0,Tactical Shield Manipulation
958,1,11566,987,2,295,0,1,0,0,Thermic Shield Compensation - Passive
988,1,11566,997,2,77,0,1,5,0,Thermic Shield Compensation - Active
# GUNNERY,,,,,,,,,,
323,1,11207,30,2,53,0,1,0,0,Advanced Weapon Upgrades - Energy
323,1,11207,30,2,74,0,1,0,0,Advanced Weapon Upgrades - Hybrid
323,1,11207,30,2,55,0,1,0,0,Advanced Weapon Upgrades - Projectile
323,1,11207,30,2,511,0,1,0,0,Advanced Weapon Upgrades - Assault
323,1,11207,30,2,862,0,1,0,0,Advanced Weapon Upgrades - Bomb
323,1,11207,30,2,524,0,1,0,0,Advanced Weapon Upgrades - Citadel
323,1,11207,30,2,506,0,1,0,0,Advanced Weapon Upgrades - Cruise
323,1,11207,30,2,510,0,1,0,0,Advanced Weapon Upgrades - Heavy
323,1,11207,30,2,771,0,1,0,0,Advanced Weapon Upgrades - Heavy Assault
323,1,11207,30,2,507,0,1,0,0,Advanced Weapon Upgrades - Rocket
323,1,11207,30,2,508,0,1,0,0,Advanced Weapon Upgrades - Siege
323,1,11207,30,2,501,0,1,0,0,Advanced Weapon Upgrades - Snowball
323,1,11207,30,2,509,0,1,0,0,Advanced Weapon Upgrades - Standard
292,1,20327,10014,4,773,0,1,0,0,Capital Energy Turret - Beam
292,1,20327,10014,4,774,0,1,0,0,Capital Energy Turret - Pulse
292,1,21666,10015,4,771,0,1,0,0,Capital Hybrid Turret - Blaster
292,1,21666,10015,4,772,0,1,0,0,Capital Hybrid Turret - Railgun
292,1,21667,10016,4,775,0,1,0,0,Capital Projectile Turret - Artillery
292,1,21667,10016,4,776,0,1,0,0,Capital Projectile Turret - Autocannon
317,1,3316,6,2,53,0,1,0,0,Controlled Bursts - Energy
317,1,3316,6,2,74,0,1,0,0,Controlled Bursts - Hybrid
317,1,3316,6,2,55,0,1,0,0,Controlled Bursts - Projectile
441,1,3300,10011,2,53,0,1,0,0,Gunnery - Energy
441,1,3300,10012,2,74,0,1,0,0,Gunnery - Hybrid
441,1,3300,10013,2,55,0,1,0,0,Gunnery - Projectile
292,1,12203,10016,5,12203,0,1,0,0,Large Artillery Specialization
292,1,12209,10016,5,12209,0,1,0,0,Large Autocannon Specialization
292,1,12205,10014,5,12205,0,1,0,0,Large Beam Laser Specialization
292,1,12212,10015,5,12212,0,1,0,0,Large Blaster Specialization
292,1,3309,10014,4,569,0,1,0,0,Large Energy Turret - Beam
292,1,3309,10014,4,573,0,1,0,0,Large Energy Turret - Pulse
292,1,3307,10015,4,563,0,1,0,0,Large Hybrid Turret - Blaster
292,1,3307,10015,4,566,0,1,0,0,Large Hybrid Turret - Railgun
292,1,3308,10016,4,576,0,1,0,0,Large Projectile Turret - Artillery
292,1,3308,10016,4,579,0,1,0,0,Large Projectile Turret - Autocannon
292,1,12215,10014,5,12215,0,1,0,0,Large Pulse Laser Specialization
292,1,12207,10015,5,12207,0,1,0,0,Large Railgun Specialization
292,1,12202,10016,5,12202,0,1,0,0,Medium Artillery Specialization
292,1,12208,10016,5,12208,0,1,0,0,Medium Autocannon Specialization
292,1,12204,10014,5,12204,0,1,0,0,Medium Beam Laser Specialization
292,1,12211,10015,5,12211,0,1,0,0,Medium Blaster Specialization
292,1,3306,10014,4,568,0,1,0,0,Medium Energy Turret - Beam
292,1,3306,10014,4,572,0,1,0,0,Medium Energy Turret - Pulse
292,1,3304,10015,4,562,0,1,0,0,Medium Hybrid Turret - Blaster
292,1,3304,10015,4,565,0,1,0,0,Medium Hybrid Turret - Railgun
292,1,3305,10016,4,578,0,1,0,0,Medium Projectile Turret - Artillery
292,1,3305,10016,4,575,0,1,0,0,Medium Projectile Turret - Autocannon
292,1,12214,10014,5,12214,0,1,0,0,Medium Pulse Laser Specialization
292,1,12206,10015,5,12206,0,1,0,0,Medium Railgun Specialization
767,1,3312,160,2,53,0,1,0,0,Motion Prediction - Energy
767,1,3312,160,2,74,0,1,0,0,Motion Prediction - Hybrid
767,1,3312,160,2,55,0,1,0,0,Motion Prediction - Projectile
293,1,3310,10011,2,53,0,1,0,0,Rapid Firing - Energy
293,1,3310,10012,2,74,0,1,0,0,Rapid Firing - Hybrid
293,1,3310,10013,2,55,0,1,0,0,Rapid Firing - Projectile
294,1,3311,54,2,53,0,1,0,0,Sharpshooter - Energy
294,1,3311,54,2,74,0,1,0,0,Sharpshooter - Hybrid
294,1,3311,54,2,55,0,1,0,0,Sharpshooter - Projectile
292,1,12201,10016,5,12201,0,1,0,0,Small Artillery Specialization
292,1,11084,10016,5,11084,0,1,0,0,Small Autocannon Specialization
292,1,11083,10014,5,11083,0,1,0,0,Small Beam Laser Specialization
292,1,12210,10015,5,12210,0,1,0,0,Small Blaster Specialization
292,1,3303,10014,4,567,0,1,0,0,Small Energy Turret - Beam
292,1,3303,10014,4,570,0,1,0,0,Small Energy Turret - Pulse
292,1,3301,10015,4,561,0,1,0,0,Small Hybrid Turret - Blaster
292,1,3301,10015,4,564,0,1,0,0,Small Hybrid Turret - Railgun
292,1,3302,10016,4,577,0,1,0,0,Small Projectile Turret - Artillery
292,1,3302,10016,4,574,0,1,0,0,Small Projectile Turret - Autocannon
292,1,12213,10014,5,12213,0,1,0,0,Small Pulse Laser Specialization
292,1,11082,10015,5,11082,0,1,0,0,Small Railgun Specialization
292,1,3315,10014,2,53,0,1,0,0,Surgical Strike - Energy
292,1,3315,10015,2,74,0,1,0,0,Surgical Strike - Hybrid
292,1,3315,10016,2,55,0,1,0,0,Surgical Strike - Projectile
885,1,22043,714,1,20280,0,1,8,0,Tactical Weapon Reconfiguration
349,1,3317,158,2,53,0,1,0,0,Trajectory Analysis - Energy
349,1,3317,158,2,74,0,1,0,0,Trajectory Analysis - Hybrid
349,1,3317,158,2,55,0,1,0,0,Trajectory Analysis - Projectile
310,1,3318,50,2,53,0,1,0,0,Weapon Upgrades - Energy
310,1,3318,50,2,74,0,1,0,0,Weapon Upgrades - Hybrid
310,1,3318,50,2,55,0,1,0,0,Weapon Upgrades - Projectile
310,1,3318,50,2,72,0,1,0,0,Weapon Upgrades - Smartbomb
310,1,3318,50,2,511,0,1,0,0,Weapon Upgrades - Assault
310,1,3318,50,2,862,0,1,0,0,Weapon Upgrades - Bomb
310,1,3318,50,2,524,0,1,0,0,Weapon Upgrades - Citadel
310,1,3318,50,2,506,0,1,0,0,Weapon Upgrades - Cruise
310,1,3318,50,2,510,0,1,0,0,Weapon Upgrades - Heavy
310,1,3318,50,2,771,0,1,0,0,Weapon Upgrades - Heavy Assault
310,1,3318,50,2,507,0,1,0,0,Weapon Upgrades - Rocket
310,1,3318,50,2,508,0,1,0,0,Weapon Upgrades - Siege
310,1,3318,50,2,501,0,1,0,0,Weapon Upgrades - Snowball
310,1,3318,50,2,509,0,1,0,0,Weapon Upgrades - Standard
# INDUSTRY,,,,,,,,,,
280,1,25544,763,2,737,0,1,10,0,Gas Cloud Harvesting
780,1,16281,73,4,1038,0,1,0,0,Ice Harvesting
885,1,28585,714,1,28583,0,1,8,0,Industrial Reconfiguration
434,1,3386,77,4,1039,0,1,0,0,Mining - Mining Laser
434,1,3386,77,4,1040,0,1,0,0,Mining - Strip Miner
927,1,22578,1082,2,546,0,1,0,0,Mining Upgrades
# LEADERSHIP,,,,,,,,,,
335,1,-20494,265,3,6,0,0,0,32,Armored Warfare - Ship
#,1,-20494,1159,2,329,0,0,0,32,Armored Warfare - Plates
277,1,11569,833,1,20069;20409;22227;4262;4264;4266,0,1,5,0,Armored Warfare Specialist
#,1,24764,,,,0,1,0,0,Fleet Command
309,1,-20495,76,3,6,0,0,0,32,Information Warfare
277,1,3352,833,1,20405;11052;4270;4272,0,1,5,0,Information Warfare Specialist
277,1,3352,1310,1,20406;4268,0,1,5,0,Information Warfare Specialist
277,1,3352,1320,1,20406;4268,0,1,5,0,Information Warfare Specialist
277,1,3352,1321,1,20406;4268,0,1,5,0,Information Warfare Specialist
277,1,3352,1322,1,20406;4268,0,1,5,0,Information Warfare Specialist
277,1,3352,1323,1,20406;4268,0,1,5,0,Information Warfare Specialist
566,1,-3348,564,3,6,0,0,0,32,Leadership
277,1,22552,833,1,22553;22555;22557;4274;4276;4278,0,1,5,0,Mining Director
434,1,-22536,77,4,1039,0,0,0,32,Mining Foreman
434,1,-22536,77,4,1040,0,0,0,32,Mining Foreman
337,1,-3350,263,3,6,0,0,0,32,Siege Warfare - Ship
#,1,-3350,72,2,38,0,0,0,32,Siege Warfare - Extenders
277,1,3351,833,1,20124;22228;20514;4280;4282;4284,0,1,5,0,Siege Warfare Specialist
151,1,-3349,70,3,6,0,0,0,32,Skirmish Warfare
277,1,11572,833,1,20070;11017;20408;4286;4288;4290,0,1,5,0,Skirmish Warfare Specialist
850,1,3354,833,2,316,0,1,0,0,Warfare Link Specialist
850,1,3354,1310,2,316,0,1,0,0,Warfare Link Specialist
850,1,3354,1320,2,316,0,1,0,0,Warfare Link Specialist
850,1,3354,1321,2,316,0,1,0,0,Warfare Link Specialist
850,1,3354,1322,2,316,0,1,0,0,Warfare Link Specialist
850,1,3354,1323,2,316,0,1,0,0,Warfare Link Specialist
#,1,11574,,,,0,1,0,0,Wing Command
# MECHANIC,,,,,,,,,,
1139,1,26253,1138,2,773,0,1,0,0,Armor Rigging
1139,1,26254,1138,2,782,0,1,0,0,Astronautics Rigging
317,1,24568,6,4,1056,0,1,0,0,Capital Remote Armor Repair Systems
317,1,27936,6,4,1063,0,1,0,0,Capital Remote Hull Repair Systems
312,1,21803,73,4,1052,0,1,0,0,Capital Repair Systems
1139,1,26255,1138,2,778,0,1,0,0,Drones Rigging
1139,1,26256,1138,2,786,0,1,0,0,Electronic Superiority Rigging
958,1,22806,984,2,98;326,0,1,0,0,EM Armor Compensation - Passive
988,1,22806,994,2,328,0,1,5,0,EM Armor Compensation - Active
1139,1,26258,1138,2,775,0,1,0,0,Energy Weapon Rigging
958,1,22807,985,2,98;326,0,1,0,0,Explosive Armor Compensation - Passive
988,1,22807,995,2,328,0,1,5,0,Explosive Armor Compensation - Active
335,1,3394,265,3,6,0,1,0,0,Hull Upgrades - Armor HP
335,1,3394,1159,2,329,0,1,0,0,Hull Upgrades - Armor Plate HP
1139,1,26259,1138,2,776,0,1,0,0,Hybrid Weapon Rigging
#,1,26252,,,,0,1,0,0,Jury Rigging
958,1,22808,986,2,98;326,0,1,0,0,Kinetic Armor Compensation - Passive
988,1,22808,996,2,328,0,1,5,0,Kinetic Armor Compensation - Active
1139,1,26260,1138,2,779,0,1,0,0,Launcher Rigging
327,1,3392,9,3,6,0,1,0,0,Mechanic
#,1,28880,,,,0,1,0,0,Nanite Interfacing
#,1,28879,,,,0,1,0,0,Nanite Operation
1139,1,26257,1138,2,777,0,1,0,0,Projectile Weapon Rigging
317,1,16069,6,2,325,0,1,0,0,Remote Armor Repair Systems
317,1,27902,6,4,372,0,1,0,0,Remote Hull Repair Systems - Small
317,1,27902,6,4,1061,0,1,0,0,Remote Hull Repair Systems - Medium
317,1,27902,6,4,1062,0,1,0,0,Remote Hull Repair Systems - Large
312,1,3393,73,4,1049,0,1,0,0,Repair Systems - Small
312,1,3393,73,4,1050,0,1,0,0,Repair Systems - Medium
312,1,3393,73,4,1051,0,1,0,0,Repair Systems - Large
902,1,25863,902,1,25861;30836,0,1,11,0,Salvaging
1139,1,26261,1138,2,774,0,1,0,0,Shield Rigging
885,1,27906,714,1,27951,0,1,8,0,Tactical Logistics Reconfiguration
958,1,22809,987,2,98;326,0,1,0,0,Thermic Armor Compensation - Passive
988,1,22809,997,2,328,0,1,5,0,Thermic Armor Compensation - Active
# MISSILE LAUNCHER OPERATION,,,,,,,,,,
293,1,28073,669,2,862,0,1,0,0,Bomb Deployment
292,1,32435,114,2,1019,0,1,0,0,Citadel Cruise Missiles - EM
292,1,32435,116,2,1019,0,1,0,0,Citadel Cruise Missiles - Explosive
292,1,32435,117,2,1019,0,1,0,0,Citadel Cruise Missiles - Kinetic
292,1,32435,118,2,1019,0,1,0,0,Citadel Cruise Missiles - Thermal
292,1,21668,114,2,476,0,1,0,0,Citadel Torpedoes - EM
292,1,21668,116,2,476,0,1,0,0,Citadel Torpedoes - Explosive
292,1,21668,117,2,476,0,1,0,0,Citadel Torpedoes - Kinetic
292,1,21668,118,2,476,0,1,0,0,Citadel Torpedoes - Thermal
293,1,20212,51,5,20212,0,1,0,0,Cruise Missile Specialization
292,1,3326,114,2,386;656;396,0,1,0,0,Cruise Missiles - EM
292,1,3326,116,2,386;656;396,0,1,0,0,Cruise Missiles - Explosive
292,1,3326,117,2,386;656;396,0,1,0,0,Cruise Missiles - Kinetic
292,1,3326,118,2,386;656;396,0,1,0,0,Cruise Missiles - Thermal
547,1,3323,37,2,88,0,1,0,0,Defender Missiles
292,1,3322,114,2,394;395;396,0,1,0,0,FoF Missiles - EM
292,1,3322,116,2,394;395;396,0,1,0,0,FoF Missiles - Explosive
292,1,3322,117,2,394;395;396,0,1,0,0,FoF Missiles - Kinetic
292,1,3322,118,2,394;395;396,0,1,0,0,FoF Missiles - Thermal
848,1,20312,654,2,384,0,1,0,0,Guided Missile Precision - Light
848,1,20312,654,2,385,0,1,0,0,Guided Missile Precision - Heavy
848,1,20312,654,2,386,0,1,0,0,Guided Missile Precision - Cruise
848,1,20312,654,2,656,0,1,0,0,Guided Missile Precision - T2 Cruise
848,1,20312,654,2,655,0,1,0,0,Guided Missile Precision - T2 Heavy
848,1,20312,654,2,653,0,1,0,0,Guided Missile Precision - T2 Light
848,1,20312,654,2,396,0,1,0,0,Guided Missile Precision - FoF Cruise
848,1,20312,654,2,395,0,1,0,0,Guided Missile Precision - FoF Heavy
848,1,20312,654,2,394,0,1,0,0,Guided Missile Precision - FoF Light
293,1,25718,51,5,25718,0,1,0,0,Heavy Assault Missile Specialization
292,1,25719,114,2,772;654,0,1,0,0,Heavy Assault Missiles - EM
292,1,25719,116,2,772;654,0,1,0,0,Heavy Assault Missiles - Explosive
292,1,25719,117,2,772;654,0,1,0,0,Heavy Assault Missiles - Kinetic
292,1,25719,118,2,772;654,0,1,0,0,Heavy Assault Missiles- Thermal
293,1,20211,51,5,20211,0,1,0,0,Heavy Missile Specialization
292,1,3324,114,2,385;655;395,0,1,0,0,Heavy Missiles - EM
292,1,3324,116,2,385;655;395,0,1,0,0,Heavy Missiles - Explosive
292,1,3324,117,2,385;655;395,0,1,0,0,Heavy Missiles - Kinetic
292,1,3324,118,2,385;655;395,0,1,0,0,Heavy Missiles - Thermal
557,1,12441,281,2,654,0,1,0,0,Missile Bombardment - T2 Assault
557,1,12441,281,2,656,0,1,0,0,Missile Bombardment - T2 Cruise
557,1,12441,281,2,655,0,1,0,0,Missile Bombardment - T2 Heavy
557,1,12441,281,2,653,0,1,0,0,Missile Bombardment - T2 Light
557,1,12441,281,2,648,0,1,0,0,Missile Bombardment - T2 Rocket
557,1,12441,281,2,657,0,1,0,0,Missile Bombardment - T2 Torpedo
557,1,12441,281,2,772,0,1,0,0,Missile Bombardment - Assault
557,1,12441,281,2,386,0,1,0,0,Missile Bombardment - Cruise
557,1,12441,281,2,385,0,1,0,0,Missile Bombardment - Heavy
557,1,12441,281,2,384,0,1,0,0,Missile Bombardment - Light
557,1,12441,281,2,387,0,1,0,0,Missile Bombardment - Rocket
557,1,12441,281,2,89,0,1,0,0,Missile Bombardment - Torpedo
557,1,12441,281,2,476,0,1,0,0,Missile Bombardment - Citadel Torpedo
557,1,12441,281,2,88,0,1,0,0,Missile Bombardment - Defender
557,1,12441,281,2,394;395;396,0,1,0,0,Missile Bombardment - FoF
293,1,3319,51,2,511,0,1,0,0,Missile Launcher Operation - Assault
293,1,3319,51,2,862,0,1,0,0,Missile Launcher Operation - Bomb
293,1,3319,51,2,524,0,1,0,0,Missile Launcher Operation - Citadel
293,1,3319,51,2,506,0,1,0,0,Missile Launcher Operation - Cruise
293,1,3319,51,2,510,0,1,0,0,Missile Launcher Operation - Heavy
293,1,3319,51,2,771,0,1,0,0,Missile Launcher Operation - Heavy Assault
293,1,3319,51,2,507,0,1,0,0,Missile Launcher Operation - Rocket
293,1,3319,51,2,508,0,1,0,0,Missile Launcher Operation - Siege
293,1,3319,51,2,501,0,1,0,0,Missile Launcher Operation - Snowball
293,1,3319,51,2,509,0,1,0,0,Missile Launcher Operation - Standard
20,1,12442,37,2,654,0,1,0,0,Missile Projection - T2 Assault
20,1,12442,37,2,656,0,1,0,0,Missile Projection - T2 Cruise
20,1,12442,37,2,655,0,1,0,0,Missile Projection - T2 Heavy
20,1,12442,37,2,653,0,1,0,0,Missile Projection - T2 Light
20,1,12442,37,2,648,0,1,0,0,Missile Projection - T2 Rocket
20,1,12442,37,2,657,0,1,0,0,Missile Projection - T2 Torpedo
20,1,12442,37,2,772,0,1,0,0,Missile Projection - Assault
20,1,12442,37,2,386,0,1,0,0,Missile Projection - Cruise
20,1,12442,37,2,385,0,1,0,0,Missile Projection - Heavy
20,1,12442,37,2,384,0,1,0,0,Missile Projection - Light
20,1,12442,37,2,387,0,1,0,0,Missile Projection - Rocket
20,1,12442,37,2,89,0,1,0,0,Missile Projection - Torpedo
20,1,12442,37,2,476,0,1,0,0,Missile Projection - Citadel Torpedo
20,1,12442,37,2,88,0,1,0,0,Missile Projection - Defender
20,1,12442,37,2,394;395;396,0,1,0,0,Missile Projection - FoF
293,1,21071,51,2,511,0,1,0,0,Missile Launcher Operation - Assault
293,1,21071,51,2,862,0,1,0,0,Missile Launcher Operation - Bomb
293,1,21071,51,2,524,0,1,0,0,Missile Launcher Operation - Citadel
293,1,21071,51,2,506,0,1,0,0,Missile Launcher Operation - Cruise
293,1,21071,51,2,510,0,1,0,0,Missile Launcher Operation - Heavy
293,1,21071,51,2,771,0,1,0,0,Missile Launcher Operation - Heavy Assault
293,1,21071,51,2,507,0,1,0,0,Missile Launcher Operation - Rocket
293,1,21071,51,2,508,0,1,0,0,Missile Launcher Operation - Siege
293,1,21071,51,2,501,0,1,0,0,Missile Launcher Operation - Snowball
293,1,21071,51,2,509,0,1,0,0,Missile Launcher Operation - Standard
293,1,20209,51,5,20209,0,1,0,0,Rocket Specialization
292,1,3320,114,2,387;648,0,1,0,0,Rockets - EM
292,1,3320,116,2,387;648,0,1,0,0,Rockets - Explosive
292,1,3320,117,2,387;648,0,1,0,0,Rockets - Kinetic
292,1,3320,118,2,387;648,0,1,0,0,Rockets - Thermal
293,1,20210,51,5,20210,0,1,0,0,Standard Missile Specialization
292,1,3321,114,2,384;653;394,0,1,0,0,Standard Missiles - EM
292,1,3321,116,2,384;653;394,0,1,0,0,Standard Missiles - Explosive
292,1,3321,117,2,384;653;394,0,1,0,0,Standard Missiles - Kinetic
292,1,3321,118,2,384;653;394,0,1,0,0,Standard Missiles - Thermal
847,1,20314,653,2,654,0,1,0,0,Target Navigation Prediction - T2 Assault
847,1,20314,653,2,656,0,1,0,0,Target Navigation Prediction - T2 Cruise
847,1,20314,653,2,655,0,1,0,0,Target Navigation Prediction - T2 Heavy
847,1,20314,653,2,653,0,1,0,0,Target Navigation Prediction - T2 Light
847,1,20314,653,2,648,0,1,0,0,Target Navigation Prediction - T2 Rocket
847,1,20314,653,2,657,0,1,0,0,Target Navigation Prediction - T2 Torpedo
847,1,20314,653,2,772,0,1,0,0,Target Navigation Prediction - Assault
847,1,20314,653,2,386,0,1,0,0,Target Navigation Prediction - Cruise
847,1,20314,653,2,385,0,1,0,0,Target Navigation Prediction - Heavy
847,1,20314,653,2,384,0,1,0,0,Target Navigation Prediction - Light
847,1,20314,653,2,387,0,1,0,0,Target Navigation Prediction - Rocket
847,1,20314,653,2,89,0,1,0,0,Target Navigation Prediction - Torpedo
847,1,20314,653,2,476,0,1,0,0,Target Navigation Prediction - Citadel Torpedo
847,1,20314,653,2,88,0,1,0,0,Target Navigation Prediction - Defender
847,1,20314,653,2,394;395;396,0,1,0,0,Target Navigation Prediction - FoF
293,1,20213,51,5,20213,0,1,0,0,Torpedo Specialization
292,1,3325,114,2,89;657,0,1,0,0,Torpedoes - EM
292,1,3325,116,2,89;657,0,1,0,0,Torpedoes - Explosive
292,1,3325,117,2,89;657,0,1,0,0,Torpedoes - Kinetic
292,1,3325,118,2,89;657,0,1,0,0,Torpedoes - Thermal
292,1,20315,114,2,654,0,1,0,0,Warhead Upgrades - T2 Assault - EM
292,1,20315,116,2,654,0,1,0,0,Warhead Upgrades - T2 Assault - Explosive
292,1,20315,117,2,654,0,1,0,0,Warhead Upgrades - T2 Assault - Kinetic
292,1,20315,118,2,654,0,1,0,0,Warhead Upgrades - T2 Assault - Thermal
292,1,20315,114,2,656,0,1,0,0,Warhead Upgrades - T2 Cruise - EM
292,1,20315,116,2,656,0,1,0,0,Warhead Upgrades - T2 Cruise - Explosive
292,1,20315,117,2,656,0,1,0,0,Warhead Upgrades - T2 Cruise - Kinetic
292,1,20315,118,2,656,0,1,0,0,Warhead Upgrades - T2 Cruise - Thermal
292,1,20315,114,2,655,0,1,0,0,Warhead Upgrades - T2 Heavy - EM
292,1,20315,116,2,655,0,1,0,0,Warhead Upgrades - T2 Heavy - Explosive
292,1,20315,117,2,655,0,1,0,0,Warhead Upgrades - T2 Heavy - Kinetic
292,1,20315,118,2,655,0,1,0,0,Warhead Upgrades - T2 Heavy - Thermal
292,1,20315,114,2,653,0,1,0,0,Warhead Upgrades - T2 Light - EM
292,1,20315,116,2,653,0,1,0,0,Warhead Upgrades - T2 Light - Explosive
292,1,20315,117,2,653,0,1,0,0,Warhead Upgrades - T2 Light - Kinetic
292,1,20315,118,2,653,0,1,0,0,Warhead Upgrades - T2 Light - Thermal
292,1,20315,114,2,648,0,1,0,0,Warhead Upgrades - T2 Rocket - EM
292,1,20315,116,2,648,0,1,0,0,Warhead Upgrades - T2 Rocket - Explosive
292,1,20315,117,2,648,0,1,0,0,Warhead Upgrades - T2 Rocket - Kinetic
292,1,20315,118,2,648,0,1,0,0,Warhead Upgrades - T2 Rocket - Thermal
292,1,20315,114,2,657,0,1,0,0,Warhead Upgrades - T2 Torpedo - EM
292,1,20315,116,2,657,0,1,0,0,Warhead Upgrades - T2 Torpedo - Explosive
292,1,20315,117,2,657,0,1,0,0,Warhead Upgrades - T2 Torpedo - Kinetic
292,1,20315,118,2,657,0,1,0,0,Warhead Upgrades - T2 Torpedo - Thermal
292,1,20315,114,2,772,0,1,0,0,Warhead Upgrades - Assault - EM
292,1,20315,116,2,772,0,1,0,0,Warhead Upgrades - Assault - Explosive
292,1,20315,117,2,772,0,1,0,0,Warhead Upgrades - Assault - Kinetic
292,1,20315,118,2,772,0,1,0,0,Warhead Upgrades - Assault - Thermal
292,1,20315,114,2,386,0,1,0,0,Warhead Upgrades - Cruise - EM
292,1,20315,116,2,386,0,1,0,0,Warhead Upgrades - Cruise - Explosive
292,1,20315,117,2,386,0,1,0,0,Warhead Upgrades - Cruise - Kinetic
292,1,20315,118,2,386,0,1,0,0,Warhead Upgrades - Cruise - Thermal
292,1,20315,114,2,385,0,1,0,0,Warhead Upgrades - Heavy - EM
292,1,20315,116,2,385,0,1,0,0,Warhead Upgrades - Heavy - Explosive
292,1,20315,117,2,385,0,1,0,0,Warhead Upgrades - Heavy - Kinetic
292,1,20315,118,2,385,0,1,0,0,Warhead Upgrades - Heavy - Thermal
292,1,20315,114,2,384,0,1,0,0,Warhead Upgrades - Light - EM
292,1,20315,116,2,384,0,1,0,0,Warhead Upgrades - Light - Explosive
292,1,20315,117,2,384,0,1,0,0,Warhead Upgrades - Light - Kinetic
292,1,20315,118,2,384,0,1,0,0,Warhead Upgrades - Light - Thermal
292,1,20315,114,2,387,0,1,0,0,Warhead Upgrades - Rocket - EM
292,1,20315,116,2,387,0,1,0,0,Warhead Upgrades - Rocket - Explosive
292,1,20315,117,2,387,0,1,0,0,Warhead Upgrades - Rocket - Kinetic
292,1,20315,118,2,387,0,1,0,0,Warhead Upgrades - Rocket - Thermal
292,1,20315,114,2,89,0,1,0,0,Warhead Upgrades - Torpedo - EM
292,1,20315,116,2,89,0,1,0,0,Warhead Upgrades - Torpedo - Explosive
292,1,20315,117,2,89,0,1,0,0,Warhead Upgrades - Torpedo - Kinetic
292,1,20315,118,2,89,0,1,0,0,Warhead Upgrades - Torpedo - Thermal
292,1,20315,114,2,476,0,1,0,0,Warhead Upgrades - Citadel Torpedo - EM
292,1,20315,116,2,476,0,1,0,0,Warhead Upgrades - Citadel Torpedo - Explosive
292,1,20315,117,2,476,0,1,0,0,Warhead Upgrades - Citadel Torpedo - Kinetic
292,1,20315,118,2,476,0,1,0,0,Warhead Upgrades - Citadel Torpedo - Thermal
292,1,20315,114,2,88,0,1,0,0,Warhead Upgrades - Defender - EM
292,1,20315,116,2,88,0,1,0,0,Warhead Upgrades - Defender - Explosive
292,1,20315,117,2,88,0,1,0,0,Warhead Upgrades - Defender - Kinetic
292,1,20315,118,2,88,0,1,0,0,Warhead Upgrades - Defender - Thermal
292,1,20315,114,2,396,0,1,0,0,Warhead Upgrades - FoF Cruise - EM
292,1,20315,116,2,396,0,1,0,0,Warhead Upgrades - FoF Cruise - Explosive
292,1,20315,117,2,396,0,1,0,0,Warhead Upgrades - FoF Cruise - Kinetic
292,1,20315,118,2,396,0,1,0,0,Warhead Upgrades - FoF Cruise - Thermal
292,1,20315,114,2,395,0,1,0,0,Warhead Upgrades - FoF Heavy - EM
292,1,20315,116,2,395,0,1,0,0,Warhead Upgrades - FoF Heavy - Explosive
292,1,20315,117,2,395,0,1,0,0,Warhead Upgrades - FoF Heavy - Kinetic
292,1,20315,118,2,395,0,1,0,0,Warhead Upgrades - FoF Heavy - Thermal
292,1,20315,114,2,394,0,1,0,0,Warhead Upgrades - FoF Light - EM
292,1,20315,116,2,394,0,1,0,0,Warhead Upgrades - FoF Light - Explosive
292,1,20315,117,2,394,0,1,0,0,Warhead Upgrades - FoF Light - Kinetic
292,1,20315,118,2,394,0,1,0,0,Warhead Upgrades - FoF Light - Thermal
# NAVIGATION,,,,,,,,,,
318,1,3452,20,2,46,0,1,0,0,Acceleration Control - AB/MWD
66,1,3450,73,4,542,0,1,0,0,Afterburner
151,1,3453,70,3,6,0,1,0,0,Evasive Maneuvering
317,1,3451,6,4,542,0,1,0,0,Fuel Conservation
216,1,3454,6,4,131,0,1,0,0,High Speed Maneuvering
870,1,21611,867,2,30;485;547;659;883;898;902,0,1,0,0,Jump Drive Calibration
899,1,3456,898,2,30;485;547;659;883;898;902,0,1,0,0,Jump Drive Operation
1296,1,21610,868,2,30;485;547;659;883;898;902,0,1,0,0,Jump Fuel Conservation
315,1,3449,37,3,6,0,1,0,0,Navigation
319,1,3455,153,3,6,0,1,0,0,Warp Drive Operation
# SCIENCE,,,,,,,,,,
280,1,13278,902,1,22177;30832,0,1,11,0,Archeaology
434,1,3410,77,4,1039,0,1,0,0,Astrogeology - Mining Laser
434,1,3410,77,4,1040,0,1,0,0,Astrogeology - Strip Miner
66,1,25811,73,2,481,0,1,0,0,Astrometric Acquisition - Scan Time
1156,1,25810,1372,2,479,0,1,0,0,Astrometric Pinpointing - Base Maximum Deviation
846,1,25739,1371,2,479,0,1,0,0,Astrometric Rangefinding - Base Strength
#,1,3412,,,,0,1,0,0,Astrometrics
66,1,3405,330,2,303,0,1,0,0,Biology
#,1,24606,,,,0,1,0,0,Cloning Facility Operation
292,1,24563,118,2,588,0,1,0,0,Doomsday Operation - Thermal
292,1,24563,116,2,588,0,1,0,0,Doomsday Operation - Explosive
292,1,24563,114,2,588,0,1,0,0,Doomsday Operation - EM
292,1,24563,117,2,588,0,1,0,0,Doomsday Operation - Kinetic
280,1,21718,902,1,22175;30834,0,1,11,0,Hacking
885,1,24562,714,2,590,0,1,0,0,Jump Portal Generation
1126,1,25538,616,2,303,0,1,0,0,Nanite Control - Shield Boost Penalty
1126,1,25538,1141,2,303,0,1,0,0,Nanite Control - Armor HP Penalty
1126,1,25538,1142,2,303,0,1,0,0,Nanite Control - Armor Repair Amount Penalty
1126,1,25538,1143,2,303,0,1,0,0,Nanite Control - Shield Cap Penalty
1126,1,25538,1144,2,303,0,1,0,0,Nanite Control - Turret Optimal Range Penalty
1126,1,25538,1145,2,303,0,1,0,0,Nanite Control - Turret Tracking Penalty
1126,1,25538,1146,2,303,0,1,0,0,Nanite Control - Turret Falloff Penalty
1126,1,25538,1147,2,303,0,1,0,0,Nanite Control - Explosion Velocity Penalty
1126,1,25538,1148,2,303,0,1,0,0,Nanite Control - Missile Velocity Penalty
1126,1,25538,1149,2,303,0,1,0,0,Nanite Control - Explosion Radius Penalty
1126,1,25538,1150,2,303,0,1,0,0,Nanite Control - Capacitor Cap Penalty
1126,1,25538,1151,2,303,0,1,0,0,Nanite Control - Velocity Penalty
1125,1,25530,1089,2,303,0,1,0,0,Neurotoxin Recovery
1125,1,25530,1090,2,303,0,1,0,0,Neurotoxin Recovery
1125,1,25530,1091,2,303,0,1,0,0,Neurotoxin Recovery
1125,1,25530,1092,2,303,0,1,0,0,Neurotoxin Recovery
1125,1,25530,1093,2,303,0,1,0,0,Neurotoxin Recovery
1229,1,28164,1211,7,1211,0,1,0,0,Thermodynamics
# SPACESHIP COMMAND,,,,,,,,,,
151,1,20342,70,5,20342,0,1,0,0,Advanced Spaceship Command
151,1,20342,70,5,20533,0,1,0,0,Advanced Spaceship Command
#,1,3339,0,0,0,0,1,0,0,Amarr Battleship
#,1,24311,0,0,0,0,1,0,0,Amarr Carrier
#,1,3335,0,0,0,0,1,0,0,Amarr Cruiser
#,1,20525,0,0,0,0,1,0,0,Amarr Dreadnought
#,1,20524,0,0,0,0,1,0,0,Amarr Freighter
#,1,3331,0,0,0,0,1,0,0,Amarr Frigate
#,1,3343,0,0,0,0,1,0,0,Amarr Industrial
#,1,3347,0,0,0,0,1,0,0,Amarr Titan
#,1,12095,0,0,0,0,1,0,0,Assault Ships
#,1,12099,0,0,0,0,1,0,0,Battlecruisers
#,1,28656,0,0,0,0,1,0,0,Black Ops
#,1,3338,0,0,0,0,1,0,0,Caldari Battleship
#,1,24312,0,0,0,0,1,0,0,Caldari Carrier
#,1,3334,0,0,0,0,1,0,0,Caldari Cruiser
#,1,20530,0,0,0,0,1,0,0,Caldari Dreadnought
#,1,20526,0,0,0,0,1,0,0,Caldari Freighter
#,1,3330,0,0,0,0,1,0,0,Caldari Frigate
#,1,3342,0,0,0,0,1,0,0,Caldari Industrial
#,1,3346,0,0,0,0,1,0,0,Caldari Titan
#,1,28374,0,0,0,0,1,0,0,Capital Industrial Ships
151,1,20533,70,2,547,0,1,0,0,Capital Ships
#,1,23950,0,0,0,0,1,0,0,Command Ships
#,1,12093,0,0,0,0,1,0,0,Covert Ops
#,1,12097,0,0,0,0,1,0,0,Destroyers
#,1,28615,0,0,0,0,1,0,0,Electronic Attack Ships
#,1,22551,0,0,0,0,1,0,0,Exhumers
#,1,3336,0,0,0,0,1,0,0,Gallente Battleship
#,1,24313,0,0,0,0,1,0,0,Gallente Carrier
#,1,3332,0,0,0,0,1,0,0,Gallente Cruiser
#,1,20531,0,0,0,0,1,0,0,Gallente Dreadnought
#,1,20527,0,0,0,0,1,0,0,Gallente Freighter
#,1,3328,0,0,0,0,1,0,0,Gallente Frigate
#,1,3340,0,0,0,0,1,0,0,Gallente Industrial
#,1,3344,0,0,0,0,1,0,0,Gallente Titan
#,1,16591,0,0,0,0,1,0,0,Heavy Assault Ships
#,1,28609,0,0,0,0,1,0,0,Heavy Interdictors
#,1,12092,0,0,0,0,1,0,0,Interceptors
#,1,12098,0,0,0,0,1,0,0,Interdictors
#,1,29029,0,0,0,0,1,0,0,Jump Freighters
#,1,12096,0,0,0,0,1,0,0,Logistics
#,1,28667,0,0,0,0,1,0,0,Marauders
#,1,17940,0,0,0,0,1,0,0,Mining Barge
#,1,3337,0,0,0,0,1,0,0,Minmatar Battleship
#,1,24314,0,0,0,0,1,0,0,Minmatar Carrier
#,1,3333,0,0,0,0,1,0,0,Minmatar Cruiser
#,1,20532,0,0,0,0,1,0,0,Minmatar Dreadnought
#,1,20528,0,0,0,0,1,0,0,Minmatar Freighter
#,1,3329,0,0,0,0,1,0,0,Minmatar Frigate
#,1,3341,0,0,0,0,1,0,0,Minmatar Industrial
#,1,3345,0,0,0,0,1,0,0,Minmatar Titan
#,1,22761,0,0,0,0,1,0,0,Recon Ship
151,1,3327,70,3,6,0,1,0,0,Spaceship Command
#,1,19719,0,0,0,0,1,0,0,Transport Ships
# OVERLOADING ATTRIBUTE MAPPING,,,,,,,,,,
1223,2,46,20,6,0,1,0,0,8,AB/MWD Speed Bonus
1208,2,328,984,6,0,0,0,0,8,Armor Hardener - EM
1208,2,328,985,6,0,0,0,0,8,Armor Hardener - Exp
1208,2,328,986,6,0,0,0,0,8,Armor Hardener - Kin
1208,2,328,987,6,0,0,0,0,8,Armor Hardener - Therm
1206,2,325,73,6,0,0,0,0,8,Remote Armor Rep Duration
1230,2,62,84,6,0,0,0,0,8,Armor Rep Amount Bonus
1206,2,62,73,6,0,0,0,0,8,Armor Rep Duration
1206,2,76,73,6,0,0,0,0,8,Cap Booster Duration
1226,2,202,1027,6,0,1,0,0,8,ECCM Strength Bonus - Grav
1226,2,202,1028,6,0,1,0,0,8,ECCM Strength Bonus - Ladar
1226,2,202,1029,6,0,1,0,0,8,ECCM Strength Bonus - Mag
1226,2,202,1030,6,0,1,0,0,8,ECCM Strength Bonus - Radar
1225,2,201,238,6,0,1,0,0,8,ECM Strength Bonus - Grav
1225,2,201,239,6,0,1,0,0,8,ECM Strength Bonus - Ladar
1225,2,201,240,6,0,1,0,0,8,ECM Strength Bonus - Mag
1225,2,201,241,6,0,1,0,0,8,ECM Strength Bonus - Radar
1206,2,71,73,6,0,1,0,0,8,Energy Neut Duration
1206,2,67,73,6,0,1,0,0,8,Energy Transfer Duration
1206,2,68,73,6,0,1,0,0,8,Energy Vampire Duration
1205,2,53,10011,6,0,0,0,0,8,Energy Weapon ROF Bonus
1210,2,53,10014,6,0,0,0,0,8,Energy Weapon Damage Bonus
1206,2,63,73,6,0,1,0,0,8,Hull Rep Duration
1205,2,74,10012,6,0,0,0,0,8,Hybrid Weapon ROF Bonus
1210,2,74,10015,6,0,0,0,0,8,Hybrid Weapon Damage Bonus
1205,2,511,51,6,0,0,0,0,8,Assault Launcher ROF Bonus
1205,2,524,51,6,0,0,0,0,8,Citadel Launcher ROF Bonus
1205,2,506,51,6,0,0,0,0,8,Cruise Launcher ROF Bonus
1205,2,510,51,6,0,0,0,0,8,Heavy Launcher ROF Bonus
1205,2,771,51,6,0,0,0,0,8,Heavy Assault Launcher ROF Bonus
1205,2,507,51,6,0,0,0,0,8,Rocket Launcher ROF Bonus
1205,2,508,51,6,0,0,0,0,8,Siege Launcher ROF Bonus
1205,2,509,51,6,0,0,0,0,8,Standard Launcher ROF Bonus
1205,2,55,10013,6,0,0,0,0,8,Projectile Weapon ROF Bonus
1210,2,55,10016,6,0,0,0,0,8,Projectile Weapon Damage Bonus
1231,2,40,68,6,0,0,0,0,8,Shield Booster Boost Amount
1206,2,40,73,6,0,0,0,0,8,Shield Booster Duration
1208,2,77,984,6,0,0,0,0,8,Shield Hardener - EM
1208,2,77,985,6,0,0,0,0,8,Shield Hardener - Exp
1208,2,77,986,6,0,0,0,0,8,Shield Hardener - Kin
1208,2,77,987,6,0,0,0,0,8,Shield Hardener - Therm
1206,2,41,73,6,0,0,0,0,8,Shield Transporter Duration
1222,2,65,54,6,0,0,0,0,8,Stasis Web Range Bonus
1222,2,52,54,6,0,0,0,0,8,Warp Scrambler Range Bonus
# MODULE ATTRIBUTE MAPPING,,,,,,,,,,
# FITTING,,,,,,,,,,
50,0,0,49,3,6,0,0,1,14,CPU -> CPU_Used
30,0,0,15,3,6,0,0,1,14,PG -> PG_Used
1153,0,0,1154,3,6,0,0,1,14,Cal -> Cal-Used
10032,0,0,10049,0,6,0,0,6,28,Cap rate (+ve)
10032,0,0,10050,0,6,0,0,7,28,Cap rate (+ve)
# AMMUNITION & CHARGES,,,,,,,,,,
# CAP BOOSTER,,,,,,,,,,
67,2,87,6,6,0,0,0,8,15,Cap Booster Charges
# T1 AMMO,,,,,,,,,,
120,2,86,54,6,0,0,0,0,15,Freq Crystals - Optimal Range
317,2,86,6,6,0,0,0,0,15,Freq Crystals - Activation Cost
120,2,85,54,6,0,0,0,0,15,Hybrid Ammo - Optimal Range
317,2,85,6,6,0,0,0,0,15,Hybrid Ammo - Activation Cost
120,2,83,54,6,0,0,0,0,15,Projectile Ammo - Optimal Range
317,2,83,6,6,0,0,0,0,15,Projectile Ammo - Activation Cost
244,2,83,160,6,0,0,0,5,15,Projectile Ammo - Tracking Bonus
# T2 MISSILES,,,,,,,,,,
554,2,654,552,3,6,0,0,0,15,Assault - Signature Radius Penalty
306,2,654,37,3,6,0,0,0,15,Assault - Max Velocity Penalty
554,2,656,552,3,6,0,0,0,15,Cruise - Signature Radius Penalty
306,2,656,37,3,6,0,0,0,15,Cruise - Max Velocity Penalty
554,2,655,552,3,6,0,0,0,15,Heavy - Signature Radius Penalty
306,2,655,37,3,6,0,0,0,15,Heavy - Max Velocity Penalty
554,2,653,552,3,6,0,0,0,15,Light - Signature Radius Penalty
306,2,653,37,3,6,0,0,0,15,Light - Max Velocity Penalty
554,2,648,552,3,6,0,0,0,15,Rocket - Signature Radius Penalty
306,2,648,37,3,6,0,0,0,15,Rocket - Max Velocity Penalty
554,2,657,552,3,6,0,0,0,15,Torpedo - Signature Radius Penalty
306,2,657,37,3,6,0,0,0,15,Torpedo - Max Velocity Penalty
# T2 Frequency Crystals,,,,,,,,,,
120,2,374,54,6,0,0,0,0,15,T2 Beam - Optimal Range
317,2,374,6,6,0,0,0,0,15,T2 Beam - Activation Cost
144,2,374,55,3,6,0,0,0,15,T2 Beam - Capacitor Recharge Rate
244,2,374,160,6,0,0,0,5,15,T2 Beam - Tracking Speed
306,2,374,37,3,6,0,0,0,15,T2 Beam - Max Velocity
517,2,374,158,6,0,0,0,5,15,T2 Beam - Falloff Modifier
146,2,374,263,3,6,0,0,0,15,T2 Beam - Shield HP
652,2,374,552,3,6,0,0,0,15,T2 Beam - Signature Radius
120,2,375,54,6,0,0,0,0,15,T2 Pulse - Optimal Range
317,2,375,6,6,0,0,0,0,15,T2 Pulse - Activation Cost
144,2,375,55,3,6,0,0,0,15,T2 Pulse - Capacitor Recharge Rate
244,2,375,160,6,0,0,0,5,15,T2 Pulse - Tracking Speed
306,2,375,37,3,6,0,0,0,15,T2 Pulse - Max Velocity
517,2,375,158,6,0,0,0,5,15,T2 Pulse - Falloff Modifier
146,2,375,263,3,6,0,0,0,15,T2 Pulse - Shield HP
652,2,375,552,3,6,0,0,0,15,T2 Pulse - Signature Radius
# T2 Hybrid Ammo,,,,,,,,,,
120,2,377,54,6,0,0,0,0,15,T2 Blaster - Optimal Range
317,2,377,6,6,0,0,0,0,15,T2 Blaster - Activation Cost
144,2,377,55,3,6,0,0,0,15,T2 Blaster - Capacitor Recharge Rate
244,2,377,160,6,0,0,0,5,15,T2 Blaster - Tracking Speed
306,2,377,37,3,6,0,0,0,15,T2 Blaster - Max Velocity
517,2,377,158,6,0,0,0,5,15,T2 Blaster - Falloff Modifier
146,2,377,263,3,6,0,0,0,15,T2 Blaster - Shield HP
652,2,377,552,3,6,0,0,0,15,T2 Blaster - Signature Radius
120,2,373,54,6,0,0,0,0,15,T2 Railgun - Optimal Range
317,2,373,6,6,0,0,0,0,15,T2 Railgun - Activation Cost
144,2,373,55,3,6,0,0,0,15,T2 Railgun - Capacitor Recharge Rate
244,2,373,160,6,0,0,0,5,15,T2 Railgun - Tracking Speed
306,2,373,37,3,6,0,0,0,15,T2 Railgun - Max Velocity
517,2,373,158,6,0,0,0,5,15,T2 Railgun - Falloff Modifier
146,2,373,263,3,6,0,0,0,15,T2 Railgun - Shield HP
652,2,373,552,3,6,0,0,0,15,T2 Railgun - Signature Radius
# T2 Projectile Ammo,,,,,,,,,,
120,2,376,54,6,0,0,0,0,15,T2 Artillery - Optimal Range
317,2,376,6,6,0,0,0,0,15,T2 Artillery - Activation Cost
144,2,376,55,3,6,0,0,0,15,T2 Artillery - Capacitor Recharge Rate
244,2,376,160,6,0,0,0,5,15,T2 Artillery - Tracking Speed
306,2,376,37,3,6,0,0,0,15,T2 Artillery - Max Velocity
517,2,376,158,6,0,0,0,5,15,T2 Artillery - Falloff Modifier
146,2,376,263,3,6,0,0,0,15,T2 Artillery - Shield HP
652,2,376,552,3,6,0,0,0,15,T2 Artillery - Signature Radius
120,2,372,54,6,0,0,0,0,15,T2 Autocannon - Optimal Range
317,2,372,6,6,0,0,0,0,15,T2 Autocannon - Activation Cost
144,2,372,55,3,6,0,0,0,15,T2 Autocannon - Capacitor Recharge Rate
244,2,372,160,6,0,0,0,5,15,T2 Autocannon - Tracking Speed
306,2,372,37,3,6,0,0,0,15,T2 Autocannon - Max Velocity
517,2,372,158,6,0,0,0,5,15,T2 Autocannon - Falloff Modifier
146,2,372,263,3,6,0,0,0,15,T2 Autocannon - Shield HP
652,2,372,552,3,6,0,0,0,15,T2 Autocannon - Signature Radius
# SCRIPTS,,,,,,,,,,
1313,2,910,309,6,0,0,0,0,15,Sensor Booster - Max Target Range
1314,2,910,566,6,0,0,0,0,15,Sensor Booster - Scan Resolution
1313,2,911,309,6,0,0,0,0,15,Sensor Dampener - Max Target Range
1314,2,911,566,6,0,0,0,0,15,Sensor Dampener - Scan Resolution
1315,2,909,351,6,0,0,0,0,15,Tracking Disruptor - Optimal Range
1316,2,909,767,6,0,0,0,0,15,Tracking Disruptor - Tracking Speed
1332,2,909,349,6,0,0,0,0,15,Tracking Disruptor- Falloff
1315,2,907,351,6,0,0,0,0,15,Tracking Computer - Optimal Range
1316,2,907,767,6,0,0,0,0,15,Tracking Computer - Tracking Speed
1332,2,907,349,6,0,0,0,0,15,Tracking Computer - Falloff
66,2,908,73,6,0,0,0,0,15,Warp Disruption Field – Duration Bonus
317,2,908,6,6,0,0,0,0,15,Warp Disruption Field – Capacitor Need
1227,2,908,554,6,0,0,0,0,15,Warp Disruption Field – Signature Radius
1324,2,908,1131,6,0,0,0,0,15,Warp Disruption Field – Mass Reduction
1325,2,908,1164,6,0,0,0,0,15,Warp Disruption Field – AB/MWD Max Velocity
1326,2,908,1270,6,0,0,0,0,15,Warp Disruption Field – AB/MWD Thrust
1327,2,908,103,6,0,0,0,0,15,Warp Disruption Field – Scramble Range
# MINING CRYSTALS,,,,,,,,,,
782,2,482,77,6,483,0,0,5,15,Mining Crystal - Mining Amount
317,2,482,6,6,483,0,0,0,15,Mining Crystal - Capacitor Penalty
782,2,663,77,6,483,0,0,5,15,Mercoxit Mining Crystal - Mining Amount
317,2,663,6,6,483,0,0,0,15,Mercoxit Mining Crystal - Capacitor Penalty
# DRONES,,,,,,,,,,
# DRONE UPGRADES,,,,,,,,,,
353,2,407,10005,3,6,0,0,1,4,Drone Control Unit - Drone Bonus
459,2,647,10007,3,6,0,0,1,15,Drone Link Augmenter - Drone Control Range Bonus
567,2,644,37,3,18,0,0,0,15,Drone Navigation Computer - Drone Velocity
243,2,646,54,3,18,1,0,5,15,Omni Tracking Link - Max Range
244,2,646,160,3,18,1,0,5,15,Omni Tracking Link - Tracking Speed
1255,2,645,114,3,18,1,0,0,15,Drone Damage Amplifier
1255,2,645,116,3,18,1,0,0,15,Drone Damage Amplifier
1255,2,645,117,3,18,1,0,0,15,Drone Damage Amplifier
1255,2,645,118,3,18,1,0,0,15,Drone Damage Amplifier
# REMOTE DRONES,,,,,,,,,,
90,2,544,6,6,0,0,0,8,16,Energy Vampire Drone
517,2,639,158,2,55;53;74,0,0,0,16,TD Drone - Falloff
243,2,639,54,2,55;53;74,1,0,0,16,TD Drone - Optimal Range
244,2,639,160,2,55;53;74,1,0,0,16,TD Drone - Tracking Speed
554,2,639,552,3,6,1,0,0,16,TP Drone - Signature Radius
237,2,639,76,3,6,1,0,0,16,SD Drone - Max Targeting Range
565,2,639,564,3,6,1,0,0,16,SD Drone - Scan Resolution
20,2,641,37,3,6,0,0,0,16,SW Drone - Max Velocity
# ELECTRONIC WARFARE,,,,,,,,,,
# ECCM,,,,,,,,,,
1027,2,202,211,3,6,1,0,0,12,Grav Strength
1028,2,202,209,3,6,1,0,0,12,Ladar Strength
1029,2,202,210,3,6,1,0,0,12,Mag Strength
1030,2,202,208,3,6,1,0,0,12,Radar Strength
# ECM,,,,,,,,,,
#238,2,201,,3,6,0,0,0,14,Grav Strength
#239,2,201,,3,6,0,0,0,14,Ladar Strength
#240,2,201,,3,6,0,0,0,14,Mag Strength
#241,2,201,,3,6,0,0,0,14,Radar Strength
# Signal Distortion Amps,,,,,,,,,,
1130,2,514,238,2,201,1,0,0,15,Grav Strength
1130,2,514,239,2,201,1,0,0,15,Ladar Strength
1130,2,514,240,2,201,1,0,0,15,Mag Strength
1130,2,514,241,2,201,1,0,0,15,Radar Strength
1536,2,514,54,2,201,1,0,0,15,ECM Range
# Sensor Backup Arrays,,,,,,,,,,
1027,2,203,211,3,6,1,0,0,14,Grav Strength
1028,2,203,209,3,6,1,0,0,14,Ladar Strength
1029,2,203,210,3,6,1,0,0,14,Mag Strength
1030,2,203,208,3,6,1,0,0,14,Radar Strength
# ECM Burst,,,,,,,,,,
#238,2,80,,3,6,0,0,0,14,Grav Strength
#239,2,80,,3,6,0,0,0,14,Ladar Strength
#240,2,80,,3,6,0,0,0,14,Mag Strength
#241,2,80,,3,6,0,0,0,14,Radar Strength
# Projected ECCM,,,,,,,,,,
1027,2,289,211,3,6,1,0,0,16,Grav Strength
1028,2,289,209,3,6,1,0,0,16,Ladar Strength
1029,2,289,210,3,6,1,0,0,16,Mag Strength
1030,2,289,208,3,6,1,0,0,16,Radar Strength
# Remote Sensor Dampeners,,,,,,,,,,
309,2,208,76,3,6,1,0,0,16,Max Targeting Range
566,2,208,564,3,6,1,0,0,16,Scan Resolution
# Stasis Webifiers,,,,,,,,,,
20,2,65,37,3,6,1,0,0,16,Max Velocity Penalty
# Target Breakers,,,,,,,,,,
565,2,1154,564,3,6,1,0,0,14,Scan Resolution
# Target Painters,,,,,,,,,,
554,2,379,552,3,6,1,0,0,16,Signature Radius Penalty
# Tracking Disruptors,,,,,,,,,,
349,2,291,158,2,55;53;74,0,0,0,16,Falloff
351,2,291,54,2,55;53;74,1,0,0,16,Optimal Range
767,2,291,160,2,55;53;74,1,0,0,16,Tracking Speed
# Warp Disruption Field Generators,,,,,,,,,,
554,2,899,552,3,6,1,0,0,12,Signature Radius Penalty
1131,2,899,10002,3,6,1,0,0,12,Mass Reduction
1131,2,899,796,2,46,1,0,0,12,Mass Reduction
1164,2,899,20,2,46,1,0,0,12,AB/MWD Max Velocity Penalty
1270,2,899,567,2,46,1,0,0,12,AB/MWD Thrust Penalty
# Warp Scramblers,,,,,,,,,,
105,2,52,10009,3,6,0,0,0,14,Warp Core Strength
# ELECTRONICS AND SENSOR UPGRADES,,,,,,,,,,
# Auto Targeting Systems,,,,,,,,,,
235,2,96,192,3,6,0,0,1,14,Auto Targeter - Max Locked Targets
# Cloaking Devices,,,,,,,,,,
306,2,330,37,3,6,0,0,0,4,Cloaking Device - Max Velocity Penalty
565,2,330,564,3,6,0,0,0,15,Cloaking Device - Scan Resolution
# CPU Upgrades,,,,,,,,,,
202,2,285,48,3,6,0,0,0,14,Co-Processor - CPU Output
# Remote Sensor Boosters,,,,,,,,,,
309,2,290,76,3,6,1,0,0,16,Remote Sensor Booster - Max Targeting Range
566,2,290,564,3,6,1,0,0,16,Remote Sensor Booster - Scan Resolution
# Sensor Boosters,,,,,,,,,,
309,2,212,76,3,6,1,0,0,4,Sensor Booster - Max Targeting Range
566,2,212,564,3,6,1,0,0,4,Sensor Booster - Scan Resolution
# Signal Amplifiers,,,,,,,,,,
235,2,210,192,3,6,0,0,1,14,Signal Amplifier - Max Locked Targets
309,2,210,76,3,6,1,0,0,14,Signal Amplifier - Max Targeting Range
566,2,210,564,3,6,1,0,0,14,Signal Amplifier - Scan Resolution
# ENGINEERING EQUIPMENT,,,,,,,,,,
# Capacitor Batteries,,,,,,,,,,
67,2,61,482,3,6,0,0,1,14,Capacitor Battery - Capacitor Capacity
# Energy Destablilizers,,,,,,,,,,
97,2,71,6,6,0,0,0,8,16,Energy Neutralized
# Energy Transfer Arrays,,,,,,,,,,
90,2,67,6,6,0,0,0,8,16,Energy Transferred
# Energy Vampires,,,,,,,,,,
90,2,68,6,6,0,0,0,8,12,Energy Transferred
# Auxiliary Power Cores,,,,,,,,,,
549,2,339,11,3,6,0,0,1,14,Auxiliary Power Core - PG
# Capacitor Flux Coils,,,,,,,,,,
144,2,768,55,3,6,0,0,0,14,Cap Flux Coil - Cap Recharge Rate
147,2,768,482,3,6,0,0,0,14,Cap Flux Coil - Cap Capacity
# Capacitor Power Relays,,,,,,,,,,
144,2,767,55,3,6,0,0,0,14,Cap Power Relay - Cap Recharge Rate
548,2,767,68,2,40,1,0,0,14,Shield Boost Bonus
# Capacitor Rechargers,,,,,,,,,,
144,2,43,55,3,6,0,0,0,14,Cap Recharger - Cap Recharge Rate
# Power Diagnostic Systems,,,,,,,,,,
134,2,766,479,3,6,0,0,0,14,Power Diagnostic - Shield Recharge Rate
144,2,766,55,3,6,0,0,0,14,Power Diagnostic - Cap Recharge Rate
145,2,766,11,3,6,0,0,0,14,Power Diagnostic - PG
146,2,766,263,3,6,0,0,0,14,Power Diagnostic - Shield HP
147,2,766,482,3,6,0,0,0,14,Power Diagnostic - Cap Capacity
# Reactor Control Units,,,,,,,,,,
145,2,769,11,3,6,0,0,0,14,Reactor Control - PG
# HULL & ARMOR,,,,,,,,,,
# Armor Hardeners,,,,,,,,,,
994,2,328,267,3,6,1,0,2,2,Armor Hardeners - Passive EM Resist
995,2,328,268,3,6,1,0,2,2,Armor Hardeners - Passive Exp Resist
996,2,328,269,3,6,1,0,2,2,Armor Hardeners - Passive Kin Resist
997,2,328,270,3,6,1,0,2,2,Armor Hardeners - Passive Therm Resist
984,2,328,267,3,6,1,0,2,12,Armor Hardeners - Active EM Resist
985,2,328,268,3,6,1,0,2,12,Armor Hardeners - Active Exp Resist
986,2,328,269,3,6,1,0,2,12,Armor Hardeners - Active Kin Resist
987,2,328,270,3,6,1,0,2,12,Armor Hardeners - Active Therm Resist
# Armor Plates,,,,,,,,,,
796,2,329,10002,3,6,0,0,1,14,Armor Plates - Mass Addition
1159,2,329,265,3,6,0,0,1,14,Armor Plates - Armor HP
# Armor Resistance Shift Hardener,,,,,,,,,,
267,2,1150,267,3,6,2,0,2,12,Armor Resistance Shift Hardeners - Active EM Resist
268,2,1150,268,3,6,2,0,2,12,Armor Resistance Shift Hardeners - Active Exp Resist
269,2,1150,269,3,6,2,0,2,12,Armor Resistance Shift Hardeners - Active Kin Resist
270,2,1150,270,3,6,2,0,2,12,Armor Resistance Shift Hardeners - Active Therm Resist
# Damage Controls,,,,,,,,,,
267,2,60,267,3,6,2,0,2,12,Armor EM Resistance Bonus
268,2,60,268,3,6,2,0,2,12,Armor Exp Resistance Bonus
269,2,60,269,3,6,2,0,2,12,Armor Kin Resistance Bonus
270,2,60,270,3,6,2,0,2,12,Armor Therm Resistance Bonus
271,2,60,271,3,6,0,0,2,12,Shield EM Resistance Bonus
272,2,60,272,3,6,0,0,2,12,Shield Exp Resistance Bonus
273,2,60,273,3,6,0,0,2,12,Shield Kin Resistance Bonus
274,2,60,274,3,6,0,0,2,12,Shield Therm Resistance Bonus
974,2,60,113,3,6,0,0,2,12,Hull EM Resistance Bonus
975,2,60,111,3,6,0,0,2,12,Hull Exp Resistance Bonus
976,2,60,109,3,6,0,0,2,12,Hull Kin Resistance Bonus
977,2,60,110,3,6,0,0,2,12,Hull Therm Resistance Bonus
# Armor Energized Plating,,,,,,,,,,
148,2,326,265,3,6,0,0,0,14,Armor Amplifiers - Armor HP Bonus
984,2,326,267,3,6,1,0,2,14,Armor Amplifiers - Passive EM Resist
985,2,326,268,3,6,1,0,2,14,Armor Amplifiers - Passive Exp Resist
986,2,326,269,3,6,1,0,2,14,Armor Amplifiers - Passive Kin Resist
987,2,326,270,3,6,1,0,2,14,Armor Amplifiers - Passive Therm Resist
# Cargo Expander,,,,,,,,,,
149,2,765,10004,3,6,0,0,0,14,Cargo Capacity Bonus
150,2,765,9,3,6,0,0,0,14,Structure HP Penalty
306,2,765,37,3,6,1,0,0,14,Max Velocity Penalty
# Nanofiber Internal Structure,,,,,,,,,,
150,2,763,9,3,6,0,0,0,14,Structure HP Bonus
169,2,763,70,3,6,1,0,0,14,Inertia Bonus
1076,2,763,37,3,6,1,0,0,14,Max Velocity Bonus
# Reinforced Bulkheads,,,,,,,,,,
150,2,78,9,3,6,0,0,0,14,Structure HP Bonus
169,2,78,70,3,6,1,0,0,14,Inertia Penalty
306,2,78,37,3,6,1,0,0,14,Max Velocity Penalty
# Armor Resistence Plating,,,,,,,,,,
984,2,98,267,3,6,1,0,2,14,Armor Plating - Passive EM Resist
985,2,98,268,3,6,1,0,2,14,Armor Plating - Passive Exp Resist
986,2,98,269,3,6,1,0,2,14,Armor Plating - Passive Kin Resist
987,2,98,270,3,6,1,0,2,14,Armor Plating - Passive Therm Resist
148,2,98,265,3,6,0,0,0,14,Armor Plating - Armor HP Bonus
# PROPULSION,,,,,,,,,,
# Afterburners/MWD,,,,,,,,,,
567,2,46,10010,3,6,0,0,1,12,AB/MWD Thrust
796,2,46,10002,3,6,0,0,1,12,AB/MWD Mass addition
554,2,46,552,3,6,1,0,0,12,AB/MWD Sig Radius Penalty
147,2,46,482,3,6,0,0,0,14,AB/MWD Cap Penalty
20,2,46,37,3,6,0,0,3,12,AB/MWD Velocity Bonus
# Inertia Stabilizers,,,,,,,,,,
169,2,762,70,3,6,1,0,0,14,Inertia Modifier
554,2,762,552,3,6,1,0,0,14,Sig Radius Penalty
# Overdrive Injectors,,,,,,,,,,
1076,2,764,37,3,6,1,0,0,14,Max Velocity Bonus
149,2,764,10004,3,6,0,0,0,14,Cargo Capacity Penalty
# Warp Core Stabilizers,,,,,,,,,,
105,2,315,10009,3,6,0,0,0,14,Warp Core Strength
309,2,315,76,3,6,1,0,0,14,Targeting Range Penalty
565,2,315,564,3,6,1,0,0,14,Scan Resolution Penalty
# SHIELD,,,,,,,,,,
# Shield Boost Amplifiers,,,,,,,,,,
548,2,338,68,2,40,1,0,0,14,Shield Boost Bonus
# Shield Extenders,,,,,,,,,,
72,2,38,263,3,6,0,0,1,14,Shield Extenders - Shield HP
983,2,38,552,3,6,0,0,1,14,Shield Extenders - Signature Radius
# Shield Flux Coils,,,,,,,,,,
146,2,770,263,3,6,0,0,0,14,Shield Flux Coil - Shield HP
134,2,770,479,3,6,0,0,0,14,Shield Flux Coil - Shield Recharge Rate
# Shield Hardeners,,,,,,,,,,
994,2,77,271,3,6,1,0,2,2,Shield Hardeners - Passive EM Resist
995,2,77,272,3,6,1,0,2,2,Shield Hardeners - Passive Exp Resist
996,2,77,273,3,6,1,0,2,2,Shield Hardeners - Passive Kin Resist
997,2,77,274,3,6,1,0,2,2,Shield Hardeners - Passive Therm Resist
984,2,77,271,3,6,1,0,2,12,Shield Hardeners - Active EM Resist
985,2,77,272,3,6,1,0,2,12,Shield Hardeners - Active Exp Resist
986,2,77,273,3,6,1,0,2,12,Shield Hardeners - Active Kin Resist
987,2,77,274,3,6,1,0,2,12,Shield Hardeners - Active Therm Resist
# Shield Power Relays,,,,,,,,,,
134,2,57,479,3,6,0,0,0,14,Shield Power Relay - Shield Recharge Rate
144,2,57,55,3,6,0,0,0,14,Shield Power Relay - Capacitor Recharge Rate
# Shield Rechargers,,,,,,,,,,
134,2,39,479,3,6,0,0,0,14,Shield Recharger - Shield Recharge Rate
# Shield Resistance Amplifiers,,,,,,,,,,
984,2,295,271,3,6,1,0,2,14,Shield Amplifiers - Passive EM Resist
985,2,295,272,3,6,1,0,2,14,Shield Amplifiers - Passive Exp Resist
986,2,295,273,3,6,1,0,2,14,Shield Amplifiers - Passive Kin Resist
987,2,295,274,3,6,1,0,2,14,Shield Amplifiers - Passive Therm Resist
# TURRETS & BAYS,,,,,,,,,,
# Ballistic Control Systems,,,,,,,,,,
204,2,367,51,2,511;524;506;510;771;507;508;501;509,1,0,0,14,ROF Bonus
213,2,367,114,2,654;656;655;653;648;657;772;386;385;384;387;89;476;88;394;395;396,1,0,0,14,Damage Bonus - EM
213,2,367,116,2,654;656;655;653;648;657;772;386;385;384;387;89;476;88;394;395;396,1,0,0,14,Damage Bonus - Explosive
213,2,367,117,2,654;656;655;653;648;657;772;386;385;384;387;89;476;88;394;395;396,1,0,0,14,Damage Bonus - Kinetic
213,2,367,118,2,654;656;655;653;648;657;772;386;385;384;387;89;476;88;394;395;396,1,0,0,14,Damage Bonus - Thermal
# Gyrostabilizers,,,,,,,,,,
204,2,59,10013,2,55,1,0,0,14,ROF
64,2,59,10016,2,55,1,0,5,14,Damage Bonus
# Heat Sinks,,,,,,,,,,
204,2,205,10011,2,53,1,0,0,14,ROF
64,2,205,10014,2,53,1,0,5,14,Damage Bonus
# Magnetic Field Stabilizers,,,,,,,,,,
204,2,302,10012,2,74,1,0,0,14,ROF
64,2,302,10015,2,74,1,0,5,14,Damage Bonus
# Industrial Core,,,,,,,,,,
20,1,28583,37,3,6,0,0,0,4,Max Velocity Bonus
1238,1,28583,833,1,22553;22555;22557;4274;4276;4278,0,0,5,4,Mining Foreman Ganglink Bonus
# Scan Probe Launchers,,,,,,,,,,
846,2,481,1371,2,479,0,0,0,4,Scan Probe Strength Bonus
# Siege Modules,,,,,,,,,,
20,1,20280,37,3,6,0,0,0,4,Max Velocity Bonus
292,1,20280,114,2,654;656;655;653;648;657;772;386;385;384;387;89;476;88;394;395;396;1019,0,0,0,4,Damage Bonus - EM Missiles
292,1,20280,116,2,654;656;655;653;648;657;772;386;385;384;387;89;476;88;394;395;396;1019,0,0,0,4,Damage Bonus - Explosive Missiles
292,1,20280,117,2,654;656;655;653;648;657;772;386;385;384;387;89;476;88;394;395;396;1019,0,0,0,4,Damage Bonus - Kinetic Missiles
292,1,20280,118,2,654;656;655;653;648;657;772;386;385;384;387;89;476;88;394;395;396;1019,0,0,0,4,Damage Bonus - Thermal Missiles
292,1,20280,10016,2,55,0,0,0,4,Damage Bonus - Projectiles
292,1,20280,10014,2,53,0,0,0,4,Damage Bonus - Lasers
292,1,20280,10015,2,74,0,0,0,4,Damage Bonus - Hybrids
548,1,20280,68,2,40,1,0,0,4,Shield Boost Bonus
565,1,20280,564,3,6,0,0,0,4,Scan Resolution Penalty
847,1,20280,653,2,654;656;655;653;648;657;772;386;385;384;387;89;476;88;394;395;396,0,0,0,4,Missile Explosion Velocity
895,1,20280,84,2,62,0,0,0,4,Armor Repair Amount
896,1,20280,73,2,62,0,0,0,4,Armor Repair Duration
897,1,20280,73,2,40,0,0,0,4,Shield Booster Duration
20,1,4292,37,3,6,0,0,0,4,Max Velocity Bonus
292,1,4292,114,2,654;656;655;653;648;657;772;386;385;384;387;89;476;88;394;395;396;1019,0,0,0,4,Damage Bonus - EM Missiles
292,1,4292,116,2,654;656;655;653;648;657;772;386;385;384;387;89;476;88;394;395;396;1019,0,0,0,4,Damage Bonus - Explosive Missiles
292,1,4292,117,2,654;656;655;653;648;657;772;386;385;384;387;89;476;88;394;395;396;1019,0,0,0,4,Damage Bonus - Kinetic Missiles
292,1,4292,118,2,654;656;655;653;648;657;772;386;385;384;387;89;476;88;394;395;396;1019,0,0,0,4,Damage Bonus - Thermal Missiles
292,1,4292,10016,2,55,0,0,0,4,Damage Bonus - Projectiles
292,1,4292,10014,2,53,0,0,0,4,Damage Bonus - Lasers
292,1,4292,10015,2,74,0,0,0,4,Damage Bonus - Hybrids
548,1,4292,68,2,40,1,0,0,4,Shield Boost Bonus
565,1,4292,564,3,6,0,0,0,4,Scan Resolution Penalty
847,1,4292,653,2,654;656;655;653;648;657;772;386;385;384;387;89;476;88;394;395;396,0,0,0,4,Missile Explosion Velocity
895,1,4292,84,2,62,0,0,0,4,Armor Repair Amount
896,1,4292,73,2,62,0,0,0,4,Armor Repair Duration
897,1,4292,73,2,40,0,0,0,4,Shield Booster Duration
# Triage Modules,,,,,,,,,,
20,1,27951,37,3,6,0,0,0,4,Max Velocity Bonus
548,1,27951,68,2,40,1,0,0,4,Shield Boost Bonus
565,1,27951,564,3,6,0,0,0,4,Scan Resolution Bonus
895,1,27951,84,2,62,0,0,0,4,Armor Repair Amount
896,1,27951,73,2,62,0,0,0,4,Armor Repair Duration
897,1,27951,73,2,40,0,0,0,4,Shield Booster Duration
1186,1,27951,84,2,325,0,0,0,4,Remote Armor Repair Bonus
1187,1,27951,73,2,325,0,0,0,4,Remote Armor Repair Duration Bonus
1188,1,27951,73,2,41,0,0,0,4,Shield Transporter Duration Bonus
1189,1,27951,68,2,41,0,0,0,4,Shield Transporter Amount Bonus
1190,1,27951,6,2,201;80;208;65;379;291;52,0,0,0,4,EW Capacitor Need Bonus
1191,1,27951,10005,3,6,0,0,0,4,Drone Control Bonus
1201,1,27951,83,2,585,0,0,0,4,Remote Hull Repair Bonus
1202,1,27951,73,2,585,0,0,0,4,Remote Hull Repair Duration Bonus
1203,1,27951,90,2,67,0,0,0,4,Energy Transfer Bonus
1204,1,27951,73,2,67,0,0,0,4,Energy Transfer Duration Bonus
20,1,4294,37,3,6,0,0,0,4,Max Velocity Bonus
548,1,4294,68,2,40,1,0,0,4,Shield Boost Bonus
565,1,4294,564,3,6,0,0,0,4,Scan Resolution Bonus
895,1,4294,84,2,62,0,0,0,4,Armor Repair Amount
896,1,4294,73,2,62,0,0,0,4,Armor Repair Duration
897,1,4294,73,2,40,0,0,0,4,Shield Booster Duration
1186,1,4294,84,2,325,0,0,0,4,Remote Armor Repair Bonus
1187,1,4294,73,2,325,0,0,0,4,Remote Armor Repair Duration Bonus
1188,1,4294,73,2,41,0,0,0,4,Shield Transporter Duration Bonus
1189,1,4294,68,2,41,0,0,0,4,Shield Transporter Amount Bonus
1190,1,4294,6,2,201;80;208;65;379;291;52,0,0,0,4,EW Capacitor Need Bonus
1191,1,4294,10005,3,6,0,0,0,4,Drone Control Bonus
1201,1,4294,83,2,585,0,0,0,4,Remote Hull Repair Bonus
1202,1,4294,73,2,585,0,0,0,4,Remote Hull Repair Duration Bonus
1203,1,4294,90,2,67,0,0,0,4,Energy Transfer Bonus
1204,1,4294,73,2,67,0,0,0,4,Energy Transfer Duration Bonus
1802,1,4294,6,2,41,0,0,0,4,Shield Transporter Cap Use
1802,1,4294,6,2,325,0,0,0,4,Remote Armor Repair Cap Use
1802,1,4294,6,2,585,0,0,0,4,Remote Hull Repair Cap Use
1802,1,4294,6,2,67,0,0,0,4,Energy Transfer Cap Use
# Tracking Computers,,,,,,,,,,
349,2,213,158,2,55;53;74,1,0,0,4,Falloff
351,2,213,54,2,55;53;74,1,0,0,4,Optimal Range
767,2,213,160,2,55;53;74,1,0,0,4,Tracking Speed
# Tracking Enhancers,,,,,,,,,,
349,2,211,158,2,55;53;74,1,0,0,14,Falloff
351,2,211,54,2,55;53;74,1,0,0,14,Optimal Range
767,2,211,160,2,55;53;74,1,0,0,14,Tracking Speed
# Tracking Links,,,,,,,,,,
349,2,209,158,2,55;53;74,1,0,0,16,Falloff
351,2,209,54,2,55;53;74,1,0,0,16,Optimal Range
767,2,209,160,2,55;53;74,1,0,0,16,Tracking Speed
# Mining Upgrade,,,,,,,,,,
434,2,546,77,4,1039;1040,0,0,0,14,Mining Amount
1082,2,546,50,4,1039;1040,0,0,0,14,CPU Penalty
# Ice Harvester Upgrade,,,,,,,,,,
780,2,546,73,4,1038,0,0,0,14,Cycle Time
1082,2,546,50,4,1038,0,0,0,14,CPU Penalty
# GANG MODULES,,,,,,,,,,
# Armored Warfare Links,,,,,,,,,,
833,1,20069,6,4,1049;1050;1051,0,0,0,16,Armored Warfare Link - Damage Control - Armor Repairers
833,1,20069,6,2,325,0,0,0,16,Armored Warfare Link - Damage Control - Armor Transporters
833,1,4262,6,4,1049;1050;1051,0,0,0,16,Armored Warfare Link - Damage Control II - Armor Repairers
833,1,4262,6,2,325,0,0,0,16,Armored Warfare Link - Damage Control II - Armor Transporters
833,1,20409,267,3,6,1,0,2,16,Armored Warfare Link - Passive Defense
833,1,20409,268,3,6,1,0,2,16,Armored Warfare Link - Passive Defense
833,1,20409,269,3,6,1,0,2,16,Armored Warfare Link - Passive Defense
833,1,20409,270,3,6,1,0,2,16,Armored Warfare Link - Passive Defense
833,1,4264,267,3,6,1,0,2,16,Armored Warfare Link - Passive Defense II
833,1,4264,268,3,6,1,0,2,16,Armored Warfare Link - Passive Defense II
833,1,4264,269,3,6,1,0,2,16,Armored Warfare Link - Passive Defense II
833,1,4264,270,3,6,1,0,2,16,Armored Warfare Link - Passive Defense II
833,1,22227,73,4,1049;1050;1051,0,0,0,16,Armored Warfare Link - Rapid Repair - Armor Repairers
833,1,22227,73,2,325,0,0,0,16,Armored Warfare Link - Rapid Repair - Armor Transporters
833,1,4266,73,4,1049;1050;1051,0,0,0,16,Armored Warfare Link - Rapid Repair II - Armor Repairers
833,1,4266,73,2,325,0,0,0,16,Armored Warfare Link - Rapid Repair II - Armor Transporters
# Information Warfare Links,,,,,,,,,,
1320,1,20406,238,2,201,1,0,0,16,IWL - Electronic Superiority (ECM Strength)
1320,1,20406,239,2,201,1,0,0,16,IWL - Electronic Superiority (ECM Strength)
1320,1,20406,240,2,201,1,0,0,16,IWL - Electronic Superiority (ECM Strength)
1320,1,20406,241,2,201,1,0,0,16,IWL - Electronic Superiority (ECM Strength)
1320,1,20406,238,2,80,1,0,0,16,IWL - Electronic Superiority (ECM Burst Strength)
1320,1,20406,239,2,80,1,0,0,16,IWL - Electronic Superiority (ECM Burst Strength)
1320,1,20406,240,2,80,1,0,0,16,IWL - Electronic Superiority (ECM Burst Strength)
1320,1,20406,241,2,80,1,0,0,16,IWL - Electronic Superiority (ECM Burst Strength)
1321,1,20406,309,2,208,1,0,0,16,IWL - Electronic Superiority (Sensor Dampening)
1321,1,20406,566,2,208,1,0,0,16,IWL - Electronic Superiority (Sensor Dampening)
1322,1,20406,351,2,291,1,0,0,16,IWL - Electronic Superiority (Tracking Disruption)
1322,1,20406,767,2,291,1,0,0,16,IWL - Electronic Superiority (Tracking Disruption)
1323,1,20406,554,2,379,1,0,0,16,IWL - Electronic Superiority (Target Painters)
1320,1,4268,238,2,201,1,0,0,16,IWL - Electronic Superiority II (ECM Strength)
1320,1,4268,239,2,201,1,0,0,16,IWL - Electronic Superiority II (ECM Strength)
1320,1,4268,240,2,201,1,0,0,16,IWL - Electronic Superiority II (ECM Strength)
1320,1,4268,241,2,201,1,0,0,16,IWL - Electronic Superiority II (ECM Strength)
1320,1,4268,238,2,80,1,0,0,16,IWL - Electronic Superiority II (ECM Burst Strength)
1320,1,4268,239,2,80,1,0,0,16,IWL - Electronic Superiority II (ECM Burst Strength)
1320,1,4268,240,2,80,1,0,0,16,IWL - Electronic Superiority II (ECM Burst Strength)
1320,1,4268,241,2,80,1,0,0,16,IWL - Electronic Superiority II (ECM Burst Strength)
1321,1,4268,309,2,208,1,0,0,16,IWL - Electronic Superiority II (Sensor Dampening)
1321,1,4268,566,2,208,1,0,0,16,IWL - Electronic Superiority II (Sensor Dampening)
1322,1,4268,351,2,291,1,0,0,16,IWL - Electronic Superiority II (Tracking Disruption)
1322,1,4268,767,2,291,1,0,0,16,IWL - Electronic Superiority II (Tracking Disruption)
1323,1,4268,554,2,379,1,0,0,16,IWL - Electronic Superiority II (Target Painters)
833,1,20405,54,2,201;208;291;379,0,0,0,16,IWL - Recon Operation (ECM Mods)
833,1,20405,142,2,80,0,0,0,16,IWL - Recon Operation (ECM Burst)
833,1,4270,54,2,201;208;291;379,0,0,0,16,IWL - Recon Operation II (ECM Mods)
833,1,4270,142,2,80,0,0,0,16,IWL - Recon Operation II (ECM Burst)
833,1,11052,211,3,6,1,0,0,16,IWL - Sensor Integrity (Grav Strength)
833,1,11052,209,3,6,1,0,0,16,IWL - Sensor Integrity (Ladar Strength)
833,1,11052,210,3,6,1,0,0,16,IWL - Sensor Integrity (Mag Strength)
833,1,11052,208,3,6,1,0,0,16,IWL - Sensor Integrity (Radar Strength)
833,1,4272,211,3,6,1,0,0,16,IWL - Sensor Integrity II (Grav Strength)
833,1,4272,209,3,6,1,0,0,16,IWL - Sensor Integrity II (Ladar Strength)
833,1,4272,210,3,6,1,0,0,16,IWL - Sensor Integrity II (Mag Strength)
833,1,4272,208,3,6,1,0,0,16,IWL - Sensor Integrity II (Radar Strength)
# Mining Foreman Links,,,,,,,,,,
833,1,22553,6,4,1037;1038;1039;1040,0,0,0,16,MFL - Harvester Capacitor Efficiency
833,1,22557,73,4,1037;1038;1039;1040,0,0,0,16,MFL - Laser Optimization
833,1,22555,54,4,1037;1038;1039;1040,0,0,0,16,MFL - Mining Laser Field Enhancement
833,1,4274,6,4,1037;1038;1039;1040,0,0,0,16,MFL - Harvester Capacitor Efficiency II
833,1,4276,73,4,1037;1038;1039;1040,0,0,0,16,MFL - Laser Optimization II
833,1,4278,54,4,1037;1038;1039;1040,0,0,0,16,MFL - Mining Laser Field Enhancement II
# Siege Warfare Links,,,,,,,,,,
833,1,20124,73,4,609;610;611;612,0,0,0,16,SiWL - Active Shielding - Shield Boosters
833,1,20124,73,2,41,0,0,0,16,SiWL - Active Shielding - Shield Transporters
833,1,4280,73,4,609;610;611;612,0,0,0,16,SiWL - Active Shielding II - Shield Boosters
833,1,4280,73,2,41,0,0,0,16,SiWL - Active Shielding II - Shield Transporters
833,1,22228,6,4,609;610;611;612,0,0,0,16,SiWL - Shield Efficiency - Shield Boosters
833,1,22228,6,2,41,0,0,0,16,SiWL - Shield Efficiency - Shield Transporters
833,1,4282,6,4,609;610;611;612,0,0,0,16,SiWL - Shield Efficiency II - Shield Boosters
833,1,4282,6,2,41,0,0,0,16,SiWL - Shield Efficiency II - Shield Transporters
833,1,20514,271,3,6,1,0,2,16,SiWL - Shield Harmonizing
833,1,20514,272,3,6,1,0,2,16,SiWL - Shield Harmonizing
833,1,20514,273,3,6,1,0,2,16,SiWL - Shield Harmonizing
833,1,20514,274,3,6,1,0,2,16,SiWL - Shield Harmonizing
833,1,4284,271,3,6,1,0,2,16,SiWL - Shield Harmonizing II
833,1,4284,272,3,6,1,0,2,16,SiWL - Shield Harmonizing II
833,1,4284,273,3,6,1,0,2,16,SiWL - Shield Harmonizing II
833,1,4284,274,3,6,1,0,2,16,SiWL - Shield Harmonizing II
# Skirmish Warfare Links,,,,,,,,,,
833,1,20070,552,3,6,0,0,0,16,SkWL - Evasive Maneuvers
833,1,11017,54,2,52;65,0,0,0,16,SkWL - Interdiction Maneuvers
833,1,20408,567,2,46,0,0,0,16,SkWL - Rapid Deployment
833,1,4286,552,3,6,0,0,0,16,SkWL - Evasive Maneuvers II
833,1,4288,54,2,52;65,0,0,0,16,SkWL - Interdiction Maneuvers II
833,1,4290,567,2,46,0,0,0,16,SkWL - Rapid Deployment II
# Misc Fleet Modules,,,,,,,,,,
435,1,11014,10063,3,6,0,0,1,12,Command Processor
# FLEET SHIP EFFECTS,,,,,,,,,,
55,1,-1,55,3,6,0,0,0,16,Gang Capacitor Recharge Rate
265,1,-1,265,3,6,0,0,0,16,Gang Armor HP
263,1,-1,263,3,6,0,0,0,16,Gang Shield HP
552,1,-1,552,3,6,0,0,0,16,Gang Signature Radius
# RIGS - ARMOR,,,,,,,,,,
1138,2,773,37,3,6,2,0,0,15,Armor Rig Drawback - Max Velocity Penalty
984,2,773,267,3,6,1,0,2,15,Anti-EM Pump
985,2,773,268,3,6,1,0,2,15,Anti-Explosive Pump
986,2,773,269,3,6,1,0,2,15,Anti-Kinetic Pump
987,2,773,270,3,6,1,0,2,15,Anti-Thermal Pump
806,2,773,84,4,1049;1050;1051,1,0,0,15,Auxiliary Nano Pump
312,2,773,73,4,1049;1050;1051,0,0,0,15,Nanobot Accelerator
317,2,773,6,2,325,0,0,0,15,Remote Repair Augmentor
902,2,773,902,1,25861;30836,0,1,1,15,Salvage Tackle
335,2,773,265,3,6,0,0,0,15,Trimark Armor Pump
# RIGS - ASTRONAUTIC,,,,,,,,,,
1138,2,782,265,3,6,0,0,0,15,Astronautic Rig Drawback - Armor HP Penalty
315,2,782,37,3,6,1,0,0,15,Auxiliary Thrusters
614,2,782,10004,3,6,0,0,0,15,Cargohold Optimization
317,2,782,6,2,46,0,0,0,15,Dynamic Fuel Valve
66,2,782,73,2,46,0,0,0,15,Engine Thermal Shielding
624,2,782,1281,3,6,0,0,0,15,Hyperspatial Velocity Optimizer
151,2,782,70,3,6,1,0,0,15,Low Friction Nozzle Joints
1076,2,782,37,3,6,1,0,0,15,Polycarbon Engine Housing - Velocity
169,2,782,70,3,6,1,0,0,15,Polycarbon Engine Housing - Inertia
319,2,782,153,3,6,0,0,0,15,Warp Core Optimizer
# RIGS - DRONE,,,,,,,,,,
1138,2,778,48,3,6,0,0,0,15,Drone Rig Drawback - CPU Output
459,2,778,10007,3,6,0,0,1,15,Drone Control Range Augmentor
327,2,778,263,3,18,0,0,0,15,Drone Durability Enhancer - Shield
327,2,778,265,3,18,0,0,0,15,Drone Durability Enhancer - Armor
327,2,778,9,3,18,0,0,0,15,Drone Durability Enhancer - Hull
434,2,778,77,3,18,0,0,0,15,Drone Mining Augmentor
39,2,778,68,3,18,0,0,0,15,Drone Repair Augmentor - Shield
39,2,778,84,3,18,0,0,0,15,Drone Repair Augmentor - Armor
294,2,778,54,3,18,0,0,0,15,Drone Scope Chip
591,2,778,37,3,18,1,0,0,15,Drone Speed Augmentor
459,2,778,10007,2,639,0,0,1,15,EW Drone Range Augmentor
292,2,778,64,4,911,1,0,0,15,Sentry Damage Augmentor
1164,2,778,20,3,18,0,0,0,15,Stasis Drone Augmentor
# RIGS - ELECTRONIC,,,,,,,,,,
134,2,780,479,3,6,0,0,0,15,Electronic Rig Drawback - Shield Recharge Rate
1160,1,31201,902,1,22177;30832,0,0,1,15,Emission Scope Sharpener
1160,1,31207,902,1,22177;30832,0,0,1,15,Emission Scope Sharpener
1160,1,31203,902,1,22177;30832,0,0,1,15,Emission Scope Sharpener
1160,1,31209,902,1,22177;30832,0,0,1,15,Emission Scope Sharpener
1160,1,25930,902,1,22177;30832,0,0,1,15,Emission Scope Sharpener
1160,1,26342,902,1,22177;30832,0,0,1,15,Emission Scope Sharpener
846,2,780,1371,2,479,0,0,0,15,Gravity Capacitor Upgrade
310,2,780,50,5,3432,0,0,0,15,Liquid Cooled Electronics
1160,1,31238,902,1,22175;30834,0,0,1,15,Memetic Algorithm Bank
1160,1,31244,902,1,22175;30834,0,0,1,15,Memetic Algorithm Bank
1160,1,31240,902,1,22175;30834,0,0,1,15,Memetic Algorithm Bank
1160,1,31246,902,1,22175;30834,0,0,1,15,Memetic Algorithm Bank
1160,1,25932,902,1,22175;30834,0,0,1,15,Memetic Algorithm Bank
1160,1,26346,902,1,22175;30834,0,0,1,15,Memetic Algorithm Bank
424,2,780,48,3,6,0,0,0,15,Processor Overclocking Unit
317,2,780,6,2,201;80,0,0,0,15,Signal Disruption Amplifier
# RIGS - ELECTRONIC SUPERIORITY,,,,,,,,,,
1138,2,786,263,3,6,0,0,0,15,Electronic Superiority Rig Drawback - Shield HP
828,2,786,309,2,208,1,0,0,15,Inverted Signal Field Projector - Max Range
828,2,786,566,2,208,1,0,0,15,Inverted Signal Field Projector - Scan Res
237,2,786,76,3,6,1,0,0,15,Ionic Field Projector
828,2,786,238,2,201,1,0,0,15,Particle Dispersion Augmentor - Grav
828,2,786,239,2,201,1,0,0,15,Particle Dispersion Augmentor - Ladar
828,2,786,240,2,201,1,0,0,15,Particle Dispersion Augmentor - Mag
828,2,786,241,2,201,1,0,0,15,Particle Dispersion Augmentor - Radar
294,2,786,54,2,201;208;291;379,1,0,0,15,Particle Dispersion Projector
308,2,786,73,2,47;48;49,0,0,0,15,Signal Focusing Kit
565,2,786,564,3,6,2,0,0,15,Targeting System Subcontroller
619,2,786,560,2,330,0,0,0,15,Targeting Systems Stabiizer
828,2,786,351,2,291,1,0,0,15,Tracking Diagnostic Subroutines
828,2,786,767,2,291,1,0,0,15,Tracking Diagnostic Subroutines
# RIGS - ENERGY GRID,,,,,,,,,,
313,2,781,11,3,6,0,0,0,15,Ancilliary Current Router
314,2,781,55,3,6,0,0,0,15,Capacitor Control Circuit
317,2,781,6,2,67;71,0,0,0,15,Egress Port Maximizer
310,2,781,50,2,43;61;766;767;768;769,0,0,0,15,Powergrid Subroutine Maximizer
1079,2,781,482,3,6,0,0,0,15,Semiconductor Memory Cell
# RIGS - ENERGY WEAPON,,,,,,,,,,
1138,2,775,30,2,53,0,0,0,15,Energy Weapon Rig Drawback - PG Penalty
310,2,775,50,2,53,0,0,0,15,Algid Energy Administrations Unit
349,2,775,158,2,53,1,0,0,15,Energy Ambit Extension
204,2,775,10011,2,53,1,0,0,15,Energy Burst Aerator
64,2,775,10014,2,53,1,0,5,15,Energy Collision Accelerator
317,2,775,6,2,53,1,0,0,15,Energy Discharge Elutriation
351,2,775,54,2,53,1,0,0,15,Energy Locus Coordinator
244,2,775,160,2,53,1,0,5,15,Energy Metastasis Adjuster
# RIGS - HYBRID WEAPON,,,,,,,,,,
1138,2,776,30,2,74,0,0,0,15,Hybrid Weapon Rig Drawback - PG Penalty
310,2,776,50,2,74,0,0,0,15,Algid Hybrid Administrations Unit
349,2,776,158,2,74,1,0,0,15,Hybrid Ambit Extension
204,2,776,10012,2,74,1,0,0,15,Hybrid Burst Aerator
64,2,776,10015,2,74,1,0,5,15,Hybrid Collision Accelerator
317,2,776,6,2,74,1,0,0,15,Hybrid Discharge Elutriation
351,2,776,54,2,74,1,0,0,15,Hybrid Locus Coordinator
244,2,776,160,2,74,1,0,5,15,Hybrid Metastasis Adjuster
# RIGS - LAUNCHER,,,,,,,,,,
1138,2,779,50,2,511;524;506;510;771;507;508;509,0,0,0,15,Launcher Rig Drawback - CPU Penalty
204,2,779,51,2,511;524;506;510;771;507;508;509,1,0,0,15,Bay Loading Accelerator
20,2,779,37,2,654;656;655;653;648;657;772;476;386;88;396;395;394;385;384;387;89,2,0,0,15,Hydraulic Bay Thrusters
557,2,779,281,2,654;656;655;653;648;657;772;476;386;88;396;395;394;385;384;387;89,1,0,0,15,Rocket Fuel Cache Partition
213,2,779,114,2,654;656;655;653;648;657;772;476;386;88;396;395;394;385;384;387;89,1,0,0,15,Warhead Calefaction Catalyst
213,2,779,116,2,654;656;655;653;648;657;772;476;386;88;396;395;394;385;384;387;89,1,0,0,15,Warhead Calefaction Catalyst
213,2,779,117,2,654;656;655;653;648;657;772;476;386;88;396;395;394;385;384;387;89,1,0,0,15,Warhead Calefaction Catalyst
213,2,779,118,2,654;656;655;653;648;657;772;476;386;88;396;395;394;385;384;387;89,1,0,0,15,Warhead Calefaction Catalyst
847,2,779,653,2,654;656;655;653;648;657;772;476;386;88;396;395;394;385;384;387;89,0,0,0,15,Warhead Flare Catalyst
848,2,779,654,2,656;655;653;386;396;395;394;385;384,0,0,0,15,Warhead Rigor Catalyst
# RIGS - PROJECTILE WEAPON,,,,,,,,,,
1138,2,777,30,2,55,0,0,0,15,Projectile Weapon Rig Drawback - PG Penalty
349,2,777,158,2,55,1,0,0,15,Projectile Ambit Extension
204,2,777,10013,2,55,1,0,0,15,Projectile Burst Aerator
64,2,777,10016,2,55,1,0,5,15,Projectile Collision Accelerator
317,2,777,6,2,55,1,0,0,15,Projectile Discharge Elutriation
351,2,777,54,2,55,1,0,0,15,Projectile Locus Coordinator
244,2,777,160,2,55,1,0,5,15,Projectile Metastasis Adjuster
# RIGS - SHIELD,,,,,,,,,,
1138,2,774,552,3,6,1,0,0,15,Shield Rig Drawback - Sig Radius Penalty
984,2,774,271,3,6,1,0,2,15,Anti-EM Screen Reinforcer
985,2,774,272,3,6,1,0,2,15,Anti-Explosive Screen Reinforcer
986,2,774,273,3,6,1,0,2,15,Anti-Kinetic Screen Reinforcer
987,2,774,274,3,6,1,0,2,15,Anti-Thermal Screen Reinforcer
851,2,774,6,5,3416,0,0,0,15,Core Defence Capacitor Safeguard
323,2,774,30,5,3425,0,0,0,15,Core Deence Charge Economizer
337,2,774,263,3,6,0,0,0,15,Core Defence Field Extender
338,2,774,479,3,6,0,0,0,15,Core Defence Field Purger
312,2,774,73,2,40,0,0,0,15,Core Defence Operational Solidifer
# SUBSYSTEMS,,,,,,,,,,
11,3,32,11,3,6,0,0,1,15,PG Output
37,3,32,37,3,6,0,0,1,15,Max Velocity
48,3,32,48,3,6,0,0,1,15,CPU Output
55,3,32,55,3,6,0,0,1,15,Capacitor Recharge
70,3,32,70,3,6,0,0,4,15,Inertia
76,3,32,76,3,6,0,0,1,15,Max Targeting Range
208,3,32,208,3,6,0,0,1,15,Radar Sensor Strength
209,3,32,209,3,6,0,0,1,15,Ladar Sensor Strength
210,3,32,210,3,6,0,0,1,15,Mag Sensor Strength
211,3,32,211,3,6,0,0,1,15,Grav Sensor Strength
263,3,32,263,3,6,0,0,1,15,Shield Capacity
283,3,32,283,3,6,0,0,1,15,Drone Capacity
479,3,32,479,3,6,0,0,1,15,Shield Recharge
482,3,32,482,3,6,0,0,1,15,Capacitor Capacity
552,3,32,552,3,6,0,0,4,15,Signature Radius
564,3,32,564,3,6,0,0,1,15,Scan Resolution
1159,3,32,265,3,6,0,0,1,15,Armor HP Bonus
1271,3,32,1271,3,6,0,0,1,15,Drone Bandwidth
1368,3,32,102,3,6,0,0,1,15,Turret Slot Modifier
1369,3,32,101,3,6,0,0,1,15,Launcher Slot Modifier
1374,3,32,14,3,6,0,0,1,15,Hi Slot Modifier
1375,3,32,13,3,6,0,0,1,15,Mid Slot Modifier
1376,3,32,12,3,6,0,0,1,15,Low Slot Modifier
1418,3,32,267,3,6,0,0,1,15,Armor EM Resist
1419,3,32,270,3,6,0,0,1,15,Armor Thermal Resist
1420,3,32,269,3,6,0,0,1,15,Armor Kinetic Resist
1421,3,32,268,3,6,0,0,1,15,Armor Explosive Resist
1422,3,32,272,3,6,0,0,1,15,Shield Explosive Resist
1423,3,32,271,3,6,0,0,1,15,Shield EM Resist
1424,3,32,273,3,6,0,0,1,15,Shield Kinetic Resist
1425,3,32,274,3,6,0,0,1,15,Shield Thermal Resist
10002,3,32,10002,3,6,0,0,1,15,Mass
10004,3,32,10004,3,6,0,0,1,15,Cargo Capacity
1034,3,32,669,2,330,0,0,4,15,Cloak Reactivation Delay
# SHIPS,,,,,,,,,,
1034,3,6,669,2,330,0,0,4,15,Cloak Reactivation Delay
# ENVIRONMENT,,,,,,,,,,
146,2,920,263,3,6,0,0,0,15,Shield HP Bonus - Ship
#,2,920,72,2,38,0,0,0,15,Shield HP Bonus - Extenders
169,2,920,70,3,6,0,0,5,15,Inertia Modifer
237,2,920,76,3,6,0,0,0,15,Targeting Range Bonus
243,2,920,76,3,6,0,0,5,15,Max Range Multiplier
244,2,920,160,2,53;55;74,0,0,5,15,Tracking Speed Multiplier
517,2,920,158,2,53;55;74,0,0,5,15,Falloff Modifer
652,2,920,552,3,6,0,0,0,15,Signature Penalty
652,2,920,554,3,8,0,0,0,15,Signature Penalty - Ammo
1465,2,920,267,3,6,0,0,2,15,Armor EM Resistance Bonus
1466,2,920,269,3,6,0,0,2,15,Armor Kin Resistance Bonus
1467,2,920,270,3,6,0,0,2,15,Armor Therm Resistance Bonus
1468,2,920,268,3,6,0,0,2,15,Armor Exp Resistance Bonus
1469,2,920,37,2,654;656;655;653;648;657;772;386;385;384;387;89;476;88;394;395;396,0,0,5,15,Missile Velocity Multiplier
1470,2,920,37,3,6,0,0,5,15,Maximum Velocity Multiplier
1472,2,920,10007,3,6,0,0,5,15,Drone Control Range Multiplier
1473,2,920,238,2,201,0,0,5,15,Grav Strength Multiplier
1474,2,920,239,2,201,0,0,5,15,Ladar Strength Multiplier
1475,2,920,240,2,201,0,0,5,15,Mag Strength Multiplier
1476,2,920,241,2,201,0,0,5,15,Radar Strength Multiplier
1477,2,920,554,2,379,0,0,5,15,Target Painter Multiplier
1478,2,920,309,2,208,0,0,5,15,Dampening Range Reduction Multiplier
1479,2,920,566,2,208,0,0,5,15,Scan Resolution Reduction Multiplier
1480,2,920,767,2,291,0,0,5,15,Tracking Penalty Multiplier
1481,2,920,351,2,291,0,0,5,15,Optimal Range Penalty Multiplier
1482,2,920,64,2,53;55;74,0,0,5,15,Damage Multiplier Multiplier
1483,2,920,653,2,654;656;655;653;648;657;772;386;385;384;387;89;476;88;394;395;396,0,0,5,15,AOE Velocity Multiplier
1484,2,920,37,3,18,0,0,5,15,Drone Velocity Multiplier
1485,2,920,1211,7,1211,0,0,5,15,Heat Damage Multiplier
1486,2,920,1205,7,1205,0,0,5,15,Overload Bonus Multiplier
1487,2,920,99,2,72,0,0,5,15,Smartbomb Range Multiplier
1488,2,920,114,2,72,0,0,5,15,Smartbomb Damage Multiplier
1488,2,920,116,2,72,0,0,5,15,Smartbomb Damage Multiplier
1488,2,920,117,2,72,0,0,5,15,Smartbomb Damage Multiplier
1488,2,920,118,2,72,0,0,5,15,Smartbomb Damage Multiplier
1489,2,920,271,3,6,0,0,2,15,Shield EM Resist Bonus
1490,2,920,272,3,6,0,0,2,15,Shield Exp Resist Bonus
1491,2,920,273,3,6,0,0,2,15,Shield Kin Resist Bonus
1492,2,920,274,3,6,0,0,2,15,Shield Therm Resist Bonus
1493,2,920,10015,4,561;564,0,0,5,15,Small Hybrid Weapon Damage Multiplier
1493,2,920,10014,4,567;570,0,0,5,15,Small Energy Weapon Damage Multiplier
1493,2,920,10016,4,574;577,0,0,5,15,Small Projectile Weapon Damage Multiplier
1493,2,920,114,2,384,0,0,5,15,Wolf Rayet Missile Damage - Light - EM
1493,2,920,116,2,384,0,0,5,15,Wolf Rayet Missile Damage - Light - Explosive
1493,2,920,117,2,384,0,0,5,15,Wolf Rayet Missile Damage - Light - Kinetic
1493,2,920,118,2,384,0,0,5,15,Wolf Rayet Missile Damage - Light - Thermal
1493,2,920,114,2,387,0,0,5,15,Wolf Rayet Missile Damage - Rocket - EM
1493,2,920,116,2,387,0,0,5,15,Wolf Rayet Missile Damage - Rocket - Explosive
1493,2,920,117,2,387,0,0,5,15,Wolf Rayet Missile Damage - Rocket - Kinetic
1493,2,920,118,2,387,0,0,5,15,Wolf Rayet Missile Damage - Rocket - Thermal
1494,2,920,64,4,562;565;568;572;575;578,0,0,5,15,Medium Weapon Damage Multiplier
1495,2,920,84,2,62,0,0,5,15,Repair Amount Multiplier
1496,2,920,68,2,40,0,0,5,15,Shield Repair Amount Multiplier
1497,2,920,68,2,41,0,0,5,15,Shield Transfer Amount Multiplier
1498,2,920,84,2,325,0,0,5,15,Remote Repair Amount Multiplier
1499,2,920,482,3,6,0,0,5,15,Capacitor Capacity Multiplier
1500,2,920,55,3,6,0,0,5,15,Capacitor Recharge Multiplier
1686,2,920,10014,2,53,0,0,0,15,Incursion Damage Reduction - Lasers
1686,2,920,10015,2,74,0,0,0,15,Incursion Damage Reduction - Hybrids
1686,2,920,10016,2,55,0,0,0,15,Incursion Damage Reduction - Projectiles
1686,2,920,114,2,654;656;655;653;648;657;772;386;385;384;387;89;476;88;394;395;396;1019,0,0,0,15,Incursion Damage Reduction - EM Missiles
1686,2,920,116,2,654;656;655;653;648;657;772;386;385;384;387;89;476;88;394;395;396;1019,0,0,0,15,Incursion Damage Reduction - Explosive Missiles
1686,2,920,117,2,654;656;655;653;648;657;772;386;385;384;387;89;476;88;394;395;396;1019,0,0,0,15,Incursion Damage Reduction - Kinetic Missiles
1686,2,920,118,2,654;656;655;653;648;657;772;386;385;384;387;89;476;88;394;395;396;1019,0,0,0,15,Incursion Damage Reduction - Thermal Missiles
1686,2,920,114,2,72,0,0,0,15,Incursion Damage Reduction - EM Smartbomb
1686,2,920,116,2,72,0,0,0,15,Incursion Damage Reduction - Explosive Smartbomb
1686,2,920,117,2,72,0,0,0,15,Incursion Damage Reduction - Kinetic Smartbomb
1686,2,920,118,2,72,0,0,0,15,Incursion Damage Reduction - Thermal Smartbomb
1686,2,920,114,3,18,0,0,0,15,Incursion Damage Reduction - EM Drone
1686,2,920,116,3,18,0,0,0,15,Incursion Damage Reduction - Explosive Drone
1686,2,920,117,3,18,0,0,0,15,Incursion Damage Reduction - Kinetic Drone
1686,2,920,118,3,18,0,0,0,15,Incursion Damage Reduction - Thermal Drone
# BOOSTERS,,,,,,,,,,
548,1,10155,68,2,40,0,0,0,15,Improved Blue Pill - Shield Boost Bonus
848,1,10151,654,2,654;656;655;653;648;657;772;476;386;88;396;395;394;385;384;387;89,0,0,0,15,Improved Crash - Explosion Radius Bonus
244,1,15477,160,2,55;53;74,0,0,5,15,Improved Drop - Tracking Speed Bonus
895,1,15480,84,2,62,0,0,0,15,Improved Exile - Armor Repair Bonus
294,1,15461,54,2,55;53;74,0,0,0,15,Improved Frentix - Turret Optimal Range Bonus
1079,1,15464,482,3,6,0,0,0,15,Improved Mindflood - Capacitor Bonus
349,1,10165,158,2,55;53;74,0,0,0,15,Improved Soothsayer - Turret Falloff Bonus
554,1,15458,552,3,6,0,0,0,15,Improved Xinstict - Sig Radius Bonus
548,1,9950,68,2,40,0,0,0,15,Standard Blue Pill - Shield Boost Bonus
848,1,9947,654,2,654;656;655;653;648;657;772;476;386;88;396;395;394;385;384;387;89,0,0,0,15,Standard Crash - Explosion Radius Bonus
244,1,15466,160,2,55;53;74,0,0,5,15,Standard Drop - Tracking Speed Bonus
895,1,15479,84,2,62,0,0,0,15,Standard Exile - Armor Repair Bonus
294,1,15460,54,2,55;53;74,0,0,0,15,Standard Frentix - Turret Optimal Range Bonus
1079,1,15463,482,3,6,0,0,0,15,Standard Mindflood - Capacitor Bonus
349,1,10164,158,2,55;53;74,0,0,0,15,Standard Soothsayer - Turret Falloff Bonus
554,1,15457,552,3,6,0,0,0,15,Standard Xinstict - Sig Radius Bonus
548,1,10156,68,2,40,0,0,0,15,Strong Blue Pill - Shield Boost Bonus
848,1,10152,654,2,654;656;655;653;648;657;772;476;386;88;396;395;394;385;384;387;89,0,0,0,15,Strong Crash - Explosion Radius Bonus
244,1,15478,160,2,55;53;74,0,0,5,15,Strong Drop - Tracking Speed Bonus
895,1,25349,84,2,62,0,0,0,15,Strong Exile - Armor Repair Bonus
294,1,15462,54,2,55;53;74,0,0,0,15,Strong Frentix - Turret Optimal Range Bonus
1079,1,15465,482,3,6,0,0,0,15,Strong Mindflood - Capacitor Bonus
349,1,10166,158,2,55;53;74,0,0,0,15,Strong Soothsayer - Turret Falloff Bonus
554,1,15459,552,3,6,0,0,0,15,Strong Xinstict - Sig Radius Bonus
548,1,28670,68,2,40,0,0,0,15,Synth Blue Pill - Shield Boost Bonus
848,1,28672,654,2,654;656;655;653;648;657;772;476;386;88;396;395;394;385;384;387;89,0,0,0,15,Synth Crash - Explosion Radius Bonus
244,1,28674,160,2,55;53;74,0,0,5,15,Synth Drop - Tracking Speed Bonus
895,1,28676,84,2,62,0,0,0,15,Synth Exile - Armor Repair Bonus
294,1,28678,54,2,55;53;74,0,0,0,15,Synth Frentix - Turret Optimal Range Bonus
1079,1,28680,482,3,6,0,0,0,15,Synth Mindflood - Capacitor Bonus
349,1,28684,158,2,55;53;74,0,0,0,15,Synth Soothsayer - Turret Falloff Bonus
554,1,28682,552,3,6,0,0,0,15,Synth Xinstict - Sig Radius Bonus
315,1,3898,37,3,6,0,0,0,15,Quafe Zero - Velocity Bonus
566,1,3898,564,3,6,0,0,0,15,Quafe Zero - Velocity Bonus
