#HQF Implant Mapping Table,,,,,,,,,,
#Affecting Attribute,Affecting Type,Affecting ID,Affected Attribute,Affected Type,Affected ID,Calc Type,State,IsGang,Group,Implant Name
1083,1,21606,265,3,6,0,0,0,Armor,Akemon's Modified 'Noble' ZET5000
1083,1,21606,1159,2,329,0,0,0,Armor,Akemon's Modified 'Noble' ZET5000
1083,1,13209,265,3,6,0,0,1,Armor,Armored Warfare Mindlink
884,1,13209,833,1,20069;20409;22227;4262;4264;4266,0,0,0,Gang,Armored Warfare Mindlink
548,1,20121,68,4,609;610;611;612;760,0,0,0,Shield;Learning,Crystal Alpha
548,1,20157,68,4,609;610;611;612;760,0,0,0,Shield;Learning,Crystal Beta
548,1,20159,68,4,609;610;611;612;760,0,0,0,Shield;Learning,Crystal Delta
548,1,20160,68,4,609;610;611;612;760,0,0,0,Shield;Learning,Crystal Epsilon
548,1,20158,68,4,609;610;611;612;760,0,0,0,Shield;Learning,Crystal Gamma
#,1,20161,,,,,0,0,Science,#Crystal Omega
#,1,,,,,,0,0,Learning,#Cybernetic Subprocessor - Advanced
#,1,,,,,,0,0,Learning,#Cybernetic Subprocessor - Basic
#,1,,,,,,0,0,Learning,#Cybernetic Subprocessor - Elite
#,1,,,,,,0,0,Learning,#Cybernetic Subprocessor - Improved
#,1,,,,,,0,0,Learning,#Cybernetic Subprocessor - Standard
1030,1,31954,208,3,6,0,0,0,Electronics;Learning,Grail Alpha
1030,1,31955,208,3,6,0,0,0,Electronics;Learning,Grail Beta
1030,1,31956,208,3,6,0,0,0,Electronics;Learning,Grail Delta
1030,1,31957,208,3,6,0,0,0,Electronics;Learning,Grail Epsilon
1030,1,31958,208,3,6,0,0,0,Electronics;Learning,Grail Gamma
554,1,20498,552,3,6,0,0,0,Electronics;Learning,Halo Alpha
554,1,20500,552,3,6,0,0,0,Electronics;Learning,Halo Beta
554,1,20502,552,3,6,0,0,0,Electronics;Learning,Halo Delta
554,1,20504,552,3,6,0,0,0,Electronics;Learning,Halo Epsilon
554,1,20506,552,3,6,0,0,0,Electronics;Learning,Halo Gamma
#,1,20508,,,,,0,0,Science,#Halo Omega
767,1,27075,160,2,53;55;74,0,0,0,Gunnery,Eifyr and Co. 'Gunslinger' Motion Prediction MR-701
767,1,3190,160,2,53;55;74,0,0,0,Gunnery,Eifyr and Co. 'Gunslinger' Motion Prediction MR-702
767,1,9957,160,2,53;55;74,0,0,0,Gunnery,Eifyr and Co. 'Gunslinger' Motion Prediction MR-703
767,1,3191,160,2,53;55;74,0,0,0,Gunnery,Eifyr and Co. 'Gunslinger' Motion Prediction MR-704
767,1,19686,160,2,53;55;74,0,0,0,Gunnery,Eifyr and Co. 'Gunslinger' Motion Prediction MR-705
767,1,3192,160,2,53;55;74,0,0,0,Gunnery,Eifyr and Co. 'Gunslinger' Motion Prediction MR-706
292,1,27081,10014;10015;10016,2,53;55;74,0,0,0,Gunnery,Eifyr and Co. 'Gunslinger' Surgical Strike SS-901
292,1,3193,10014;10015;10016,2,53;55;74,0,0,0,Gunnery,Eifyr and Co. 'Gunslinger' Surgical Strike SS-902
292,1,13244,10014;10015;10016,2,53;55;74,0,0,0,Gunnery,Eifyr and Co. 'Gunslinger' Surgical Strike SS-903
292,1,3194,10014;10015;10016,2,53;55;74,0,0,0,Gunnery,Eifyr and Co. 'Gunslinger' Surgical Strike SS-904
292,1,19687,10014;10015;10016,2,53;55;74,0,0,0,Gunnery,Eifyr and Co. 'Gunslinger' Surgical Strike SS-905
292,1,3195,10014;10015;10016,2,53;55;74,0,0,0,Gunnery,Eifyr and Co. 'Gunslinger' Surgical Strike SS-906
292,1,27090,10016,4,576;579,0,0,0,Gunnery,Eifyr and Co. 'Gunslinger' Large Projectile Turret LP-1001
292,1,3196,10016,4,576;579,0,0,0,Gunnery,Eifyr and Co. 'Gunslinger' Large Projectile Turret LP-1002
292,1,13219,10016,4,576;579,0,0,0,Gunnery,Eifyr and Co. 'Gunslinger' Large Projectile Turret LP-1003
292,1,3197,10016,4,576;579,0,0,0,Gunnery,Eifyr and Co. 'Gunslinger' Large Projectile Turret LP-1004
292,1,19688,10016,4,576;579,0,0,0,Gunnery,Eifyr and Co. 'Gunslinger' Large Projectile Turret LP-1005
292,1,3198,10016,4,576;579,0,0,0,Gunnery,Eifyr and Co. 'Gunslinger' Large Projectile Turret LP-1006
292,1,27087,10016,4,575;578,0,0,0,Gunnery,Eifyr and Co. 'Gunslinger' Medium Projectile Turret MP-801
292,1,3185,10016,4,575;578,0,0,0,Gunnery,Eifyr and Co. 'Gunslinger' Medium Projectile Turret MP-802
292,1,13222,10016,4,575;578,0,0,0,Gunnery,Eifyr and Co. 'Gunslinger' Medium Projectile Turret MP-803
292,1,3188,10016,4,575;578,0,0,0,Gunnery,Eifyr and Co. 'Gunslinger' Medium Projectile Turret MP-804
292,1,19689,10016,4,575;578,0,0,0,Gunnery,Eifyr and Co. 'Gunslinger' Medium Projectile Turret MP-805
292,1,3189,10016,4,575;578,0,0,0,Gunnery,Eifyr and Co. 'Gunslinger' Medium Projectile Turret MP-806
292,1,27084,10016,4,574;577,0,0,0,Gunnery,Eifyr and Co. 'Gunslinger' Small Projectile Turret SP-601
292,1,3199,10016,4,574;577,0,0,0,Gunnery,Eifyr and Co. 'Gunslinger' Smalll Projectie Turret SP-602
292,1,13225,10016,4,574;577,0,0,0,Gunnery,Eifyr and Co. 'Gunslinger' Small Projectile Turret SP-603
292,1,3200,10016,4,574;577,0,0,0,Gunnery,Eifyr and Co. 'Gunslinger' Small Projectile Turret SP-604
292,1,19690,10016,4,574;577,0,0,0,Gunnery,Eifyr and Co. 'Gunslinger' Small Projectile Turret SP-605
292,1,3201,10016,4,574;577,0,0,0,Gunnery,Eifyr and Co. 'Gunslinger' Small Projectile Turret SP-606
66,1,27147,330,2,303,0,0,0,Science,Eifyr and Co. 'Alchemist' Biology BY-805
66,1,27148,330,2,303,0,0,0,Science,Eifyr and Co. 'Alchemist' Biology BY-810
1125,1,25547,1089;1090;1091;1092;1093,2,303,0,0,0,Science,Eifyr and Co. 'Alchemist' Neurotoxin Recovery NR-1003
1125,1,25548,1089;1090;1091;1092;1093,2,303,0,0,0,Science,Eifyr and Co. 'Alchemist' Neurotoxin Recovery NR-1005
1126,1,25545,616;1141;1142;1143;1144;1145;1146;1147;1148;1149;1150;1151,2,303,0,0,0,Science,Eifyr and Co. 'Alchemist' Nanite Control NC-903
1126,1,25546,616;1141;1142;1143;1144;1145;1146;1147;1148;1149;1150;1151,2,303,0,0,0,Science,Eifyr and Co. 'Alchemist' Nanite Control NC-905
66,1,27240,73,2,737,0,0,0,Industry,Eifyr and Co. 'Alchemist' Gas Harvesting GH-801
66,1,27238,73,2,737,0,0,0,Industry,Eifyr and Co. 'Alchemist' Gas Harvesting GH-803
66,1,27239,73,2,737,0,0,0,Industry,Eifyr and Co. 'Alchemist' Gas Harvesting GH-805
151,1,27099,70,3,6,0,0,0,Navigation,Eifyr and Co. 'Rogue' Evasive Maneuvering EM-701
151,1,3093,70,3,6,0,0,0,Navigation,Eifyr and Co. 'Rogue' Evasive Maneuvering EM-702
151,1,13240,70,3,6,0,0,0,Navigation,Eifyr and Co. 'Rogue' Evasive Maneuvering EM-703
151,1,3094,70,3,6,0,0,0,Navigation,Eifyr and Co. 'Rogue' Evasive Maneuvering EM-704
151,1,16004,70,3,6,0,0,0,Navigation,Eifyr and Co. 'Rogue' Evasive Maneuvering EM-705
151,1,3095,70,3,6,0,0,0,Navigation,Eifyr and Co. 'Rogue' Evasive Maneuvering EM-706
1076,1,27097,37,3,6,0,0,0,Navigation,Eifyr and Co. 'Rogue' Navigation NN-601
1076,1,3096,37,3,6,0,0,0,Navigation,Eifyr and Co. 'Rogue' Navigation NN-602
1076,1,13237,37,3,6,0,0,0,Navigation,Eifyr and Co. 'Rogue' Navigation NN-603
1076,1,3097,37,3,6,0,0,0,Navigation,Eifyr and Co. 'Rogue' Navigation NN-604
1076,1,16003,37,3,6,0,0,0,Navigation,Eifyr and Co. 'Rogue' Navigation NN-605
1076,1,3100,37,3,6,0,0,0,Navigation,Eifyr and Co. 'Rogue' Navigation NN-606
317,1,27098,6,4,542,0,0,0,Navigation,Eifyr and Co. 'Rogue' Fuel Conservation FC-801
317,1,3101,6,4,542,0,0,0,Navigation,Eifyr and Co. 'Rogue' Fuel Conservation FC-802
317,1,13238,6,4,542,0,0,0,Navigation,Eifyr and Co. 'Rogue' Fuel Conservation FC-803
317,1,3102,6,4,542,0,0,0,Navigation,Eifyr and Co. 'Rogue' Fuel Conservation FC-804
317,1,16005,6,4,542,0,0,0,Navigation,Eifyr and Co. 'Rogue' Fuel Conservation FC-805
317,1,3103,6,4,542,0,0,0,Navigation,Eifyr and Co. 'Rogue' Fuel Conservation FC-806
66,1,27111,73,4,542,0,0,0,Navigation,Eifyr and Co. 'Rogue' Afterburner AB-601
66,1,3104,73,4,542,0,0,0,Navigation,Eifyr and Co. 'Rogue' Afterburner AB-602
66,1,13239,73,4,542,0,0,0,Navigation,Eifyr and Co. 'Rogue' Afterburner AB-603
66,1,3105,73,4,542,0,0,0,Navigation,Eifyr and Co. 'Rogue' Afterburner AB-604
66,1,27110,73,4,542,0,0,0,Navigation,Eifyr and Co. 'Rogue' Afterburner AB-605
66,1,3108,73,4,542,0,0,0,Navigation,Eifyr and Co. 'Rogue' Afterburner AB-606
319,1,27113,153,3,6,0,0,0,Navigation,Eifyr and Co. 'Rogue' Warp Drive Operation WD-601
319,1,3109,153,3,6,0,0,0,Navigation,Eifyr and Co. 'Rogue' Warp Drive Operation WD-602
319,1,13241,153,3,6,0,0,0,Navigation,Eifyr and Co. 'Rogue' Warp Drive Operation WD-603
319,1,3110,153,3,6,0,0,0,Navigation,Eifyr and Co. 'Rogue' Warp Drive Operation WD-604
319,1,27112,153,3,6,0,0,0,Navigation,Eifyr and Co. 'Rogue' Warp Drive Operation WD-605
319,1,3111,153,3,6,0,0,0,Navigation,Eifyr and Co. 'Rogue' Warp Drive Operation WD-606
216,1,27100,6,4,131,0,0,0,Navigation,Eifyr and Co. 'Rogue' High Speed Maneuvering HS-901
216,1,3112,6,4,131,0,0,0,Navigation,Eifyr and Co. 'Rogue' High Speed Maneuvering HS-902
216,1,13243,6,4,131,0,0,0,Navigation,Eifyr and Co. 'Rogue' High Speed Maneuvering HS-903
216,1,3113,6,4,131,0,0,0,Navigation,Eifyr and Co. 'Rogue' High Speed Maneuvering HS-904
216,1,16006,6,4,131,0,0,0,Navigation,Eifyr and Co. 'Rogue' High Speed Maneuvering HS-905
216,1,3116,6,4,131,0,0,0,Navigation,Eifyr and Co. 'Rogue' High Speed Maneuvering HS-906
624,1,27115,600,3,6,0,0,0,Navigation,Eifyr and Co. 'Rogue' Warp Drive Speed WS-605
624,1,3117,600,3,6,0,0,0,Navigation,Eifyr and Co. 'Rogue' Warp Drive Speed WS-608
624,1,13242,600,3,6,0,0,0,Navigation,Eifyr and Co. 'Rogue' Warp Drive Speed WS-610
624,1,3118,600,3,6,0,0,0,Navigation,Eifyr and Co. 'Rogue' Warp Drive Speed WS-613
624,1,27114,600,3,6,0,0,0,Navigation,Eifyr and Co. 'Rogue' Warp Drive Speed WS-615
624,1,3119,600,3,6,0,0,0,Navigation,Eifyr and Co. 'Rogue' Warp Drive Speed WS-618
318,1,27101,20,4,131;542,0,0,0,Navigation,Eifyr and Co. 'Rogue' Acceleration Control AC-601
318,1,3120,20,4,131;542,0,0,0,Navigation,Eifyr and Co. 'Rogue' Acceleration Control AC-602
318,1,16008,20,4,131;542,0,0,0,Navigation,Eifyr and Co. 'Rogue' Acceleration Control AC-603
318,1,3121,20,4,131;542,0,0,0,Navigation,Eifyr and Co. 'Rogue' Acceleration Control AC-604
318,1,16009,20,4,131;542,0,0,0,Navigation,Eifyr and Co. 'Rogue' Acceleration Control AC-605
318,1,3124,20,4,131;542,0,0,0,Navigation,Eifyr and Co. 'Rogue' Acceleration Control AC-606
1079,1,2082,482,3,6,0,0,0,Engineering,Genolution Core Augmentation CA-1
313,1,2082,11,3,6,0,0,0,Engineering,Genolution Core Augmentation CA-1
424,1,2589,48,3,6,0,0,0,Engineering,Genolution Core Augmentation CA-2
314,1,2589,55,3,6,0,0,0,Engineering,Genolution Core Augmentation CA-2
#312,1,27218,73,4,1056,0,0,0,Armor,Hardwiring - Inherent Implants 'Gentry' ZEX10
#312,1,27216,73,4,1056,0,0,0,Armor,Hardwiring - Inherent Implants 'Gentry' ZEX100
#312,1,27217,73,4,1056,0,0,0,Armor,Hardwiring - Inherent Implants 'Gentry' ZEX1000
#317,1,27221,6,4,1056,0,0,0,Armor,Hardwiring - Inherent Implants 'Gentry' ZEX20
#317,1,27219,6,4,1056,0,0,0,Armor,Hardwiring - Inherent Implants 'Gentry' ZEX200
#317,1,27220,6,4,1056,0,0,0,Armor,Hardwiring - Inherent Implants 'Gentry' ZEX2000
434,1,27102,77,4,1039;1040,0,0,0,Industry,Inherent Implants 'Highwall' Mining MX-1001
434,1,22534,77,4,1039;1040,0,0,0,Industry,Inherent Implants 'Highwall' Mining MX-1003
434,1,22535,77,4,1039;1040,0,0,0,Industry,Inherent Implants 'Highwall' Mining MX-1005
927,1,27151,1082,4,935,0,0,0,Industry,Inherent Implants 'Highwall' Mining Upgrades MU-1001
927,1,27149,1082,4,935,0,0,0,Industry,Inherent Implants 'Highwall' Mining Upgrades MU-1003
927,1,27150,1082,4,935,0,0,0,Industry,Inherent Implants 'Highwall' Mining Upgrades MU-1005
292,1,3202,10014,4,567;570,0,0,0,Gunnery,Inherent Implants 'Lancer' Small Energy Turret SD-602
317,1,3203,6,2,53;55;74,0,0,0,Gunnery,Inherent Implants 'Lancer' Controlled Bursts CB-702
441,1,3204,10011;10012;10013,2,53;55;74,0,0,0,Gunnery,Inherent Implants 'Lancer' Gunnery RF-902
292,1,3205,10014,4,569;573,0,0,0,Gunnery,Inherent Implants 'Lancer' Large Energy Turret LE-1002
292,1,3206,10014,4,568;572,0,0,0,Gunnery,Inherent Implants 'Lancer' Medium Energy Turret ME-802
292,1,27082,10014,4,567;570,0,0,0,Gunnery,Inherent Implants 'Lancer' Small Energy Turret SE-601
317,1,27079,6,2,53;55;74,0,0,0,Gunnery,Inherent Implants 'Lancer' Controlled Bursts CB-701
441,1,27077,10011;10012;10013,2,53;55;74,0,0,0,Gunnery,Inherent Implants 'Lancer' Gunnery RF-901
292,1,27088,10014,4,569;573,0,0,0,Gunnery,Inherent Implants 'Lancer' Large Energy Turret LE-1001
292,1,27085,10014,4,568;572,0,0,0,Gunnery,Inherent Implants 'Lancer' Medium Energy Turret ME-801
292,1,3207,10014,4,567;570,0,0,0,Gunnery,Inherent Implants 'Lancer' Small Energy Turret SE-604
317,1,3208,6,2,53;55;74,0,0,0,Gunnery,Inherent Implants 'Lancer' Controlled Bursts CB-704
441,1,3209,10011;10012;10013,2,53;55;74,0,0,0,Gunnery,Inherent Implants 'Lancer' Gunnery RF-904
292,1,3210,10014,4,569;573,0,0,0,Gunnery,Inherent Implants 'Lancer' Large Energy Turret LE-1004
292,1,3211,10014,4,568;572,0,0,0,Gunnery,Inherent Implants 'Lancer' Medium Energy Turret ME-804
292,1,13223,10014,4,567;570,0,0,0,Gunnery,Inherent Implants 'Lancer' Small Energy Turret SE-603
317,1,13246,6,2,53;55;74,0,0,0,Gunnery,Inherent Implants 'Lancer' Controlled Bursts CB-703
441,1,13166,10011;10012;10013,2,53;55;74,0,0,0,Gunnery,Inherent Implants 'Lancer' Gunnery RF-903
292,1,13217,10014,4,569;573,0,0,0,Gunnery,Inherent Implants 'Lancer' Large Energy Turret LE-1003
292,1,13220,10014,4,568;572,0,0,0,Gunnery,Inherent Implants 'Lancer' Medium Energy Turret ME-803
292,1,3212,10014,4,567;570,0,0,0,Gunnery,Inherent Implants 'Lancer' Small Energy Turret SE-606
317,1,3213,6,2,53;55;74,0,0,0,Gunnery,Inherent Implants 'Lancer' Controlled Bursts CB-706
441,1,3214,10011;10012;10013,2,53;55;74,0,0,0,Gunnery,Inherent Implants 'Lancer' Gunnery RF-906
292,1,3215,10014,4,569;573,0,0,0,Gunnery,Inherent Implants 'Lancer' Large Energy Turret LE-1006
292,1,3216,10014,4,568;572,0,0,0,Gunnery,Inherent Implants 'Lancer' Medium Energy Turret ME-806
292,1,19691,10014,4,567;570,0,0,0,Gunnery,Inherent Implants 'Lancer' Small Energy Turret SE-605
317,1,19692,6,2,53;55;74,0,0,0,Gunnery,Inherent Implants 'Lancer' Controlled Bursts CB-705
441,1,19693,10011;10012;10013,2,53;55;74,0,0,0,Gunnery,Inherent Implants 'Lancer' Gunnery RF-905
292,1,19694,10014,4,569;573,0,0,0,Gunnery,Inherent Implants 'Lancer' Large Energy Turret LE-1005
292,1,19695,10014,4,568;572,0,0,0,Gunnery,Inherent Implants 'Lancer' Medium Energy Turret ME-805
312,1,27070,73,4,1049;1050;1051;1053;1054;1055,0,0,0,Armor;Hull,Inherent Implants 'Noble' Repair Systems RS-601
312,1,13258,73,4,1049;1050;1051;1053;1054;1055,0,0,0,Armor;Hull,Inherent Implants 'Noble' Repair Systems RS-603
312,1,19547,73,4,1049;1050;1051;1053;1054;1055,0,0,0,Armor;Hull,Inherent Implants 'Noble' Repair Systems RS-605
312,1,3291,73,4,1049;1050;1051;1053;1054;1055,0,0,0,Armor;Hull,Inherent Implants 'Noble' Repair Systems RS-602
312,1,3292,73,4,1049;1050;1051;1053;1054;1055,0,0,0,Armor;Hull,Inherent Implants 'Noble' Repair Systems RS-604
312,1,3299,73,4,1049;1050;1051;1053;1054;1055,0,0,0,Armor;Hull,Inherent Implants 'Noble' Repair Systems RS-606
317,1,27071,6,2,325,0,0,0,Armor,Inherent Implants 'Noble' Remote Armor Repair Systems RA-701
317,1,17871,6,2,325,0,0,0,Armor,Inherent Implants 'Noble' Remote Armor Repair Systems RA-703
317,1,19548,6,2,325,0,0,0,Armor,Inherent Implants 'Noble' Remote Armor Repair Systems RA-705
317,1,3414,6,2,325,0,0,0,Armor,Inherent Implants 'Noble' Remote Armor Repair Systems RA-702
317,1,3415,6,2,325,0,0,0,Armor,Inherent Implants 'Noble' Remote Armor Repair Systems RA-704
317,1,3470,6,2,325,0,0,0,Armor,Inherent Implants 'Noble' Remote Armor Repair Systems RA-706
327,1,27072,9,3,6,0,0,0,Hull,Inherent Implants 'Noble' Mechanic MC-801
327,1,13257,9,3,6,0,0,0,Hull,Inherent Implants 'Noble' Mechanic MC-803
327,1,19549,9,3,6,0,0,0,Hull,Inherent Implants 'Noble' Mechanic MC-805
327,1,3471,9,3,6,0,0,0,Hull,Inherent Implants 'Noble' Mechanic MC-802
327,1,3474,9,3,6,0,0,0,Hull,Inherent Implants 'Noble' Mechanic MC-804
327,1,3475,9,3,6,0,0,0,Hull,Inherent Implants 'Noble' Mechanic MC-806
806,1,27073,84,4,1049;1050;1051,0,0,0,Armor,Inherent Implants 'Noble' Repair Proficiency RP-901
806,1,19684,84,4,1049;1050;1051,0,0,0,Armor,Inherent Implants 'Noble' Repair Proficiency RP-903
806,1,19685,84,4,1049;1050;1051,0,0,0,Armor,Inherent Implants 'Noble' Repair Proficiency RP-905
806,1,3476,84,4,1049;1050;1051,0,0,0,Armor,Inherent Implants 'Noble' Repair Proficiency RP-902
806,1,3477,84,4,1049;1050;1051,0,0,0,Armor,Inherent Implants 'Noble' Repair Proficiency RP-904
806,1,3478,84,4,1049;1050;1051,0,0,0,Armor,Inherent Implants 'Noble' Repair Proficiency RP-906
1083,1,27074,265,3,6,0,0,0,Armor,Inherent Implants 'Noble' Hull Upgrades HG-1001
1083,1,27074,1159,2,329,0,0,0,Armor,Inherent Implants 'Noble' Hull Upgrades HG-1001
1083,1,13256,265,3,6,0,0,0,Armor,Inherent Implants 'Noble' Hull Upgrades HG-1003
1083,1,13256,1159,2,329,0,0,0,Armor,Inherent Implants 'Noble' Hull Upgrades HG-1003
1083,1,19550,265,3,6,0,0,0,Armor,Inherent Implants 'Noble' Hull Upgrades HG-1005
1083,1,19550,1159,2,329,0,0,0,Armor,Inherent Implants 'Noble' Hull Upgrades HG-1005
1083,1,3479,265,3,6,0,0,0,Armor,Inherent Implants 'Noble' Hull Upgrades HG-1002
1083,1,3479,1159,2,329,0,0,0,Armor,Inherent Implants 'Noble' Hull Upgrades HG-1002
1083,1,3481,265,3,6,0,0,0,Armor,Inherent Implants 'Noble' Hull Upgrades HG-1004
1083,1,3481,1159,2,329,0,0,0,Armor,Inherent Implants 'Noble' Hull Upgrades HG-1004
1083,1,3482,265,3,6,0,0,0,Armor,Inherent Implants 'Noble' Hull Upgrades HG-1006
1083,1,3482,1159,2,329,0,0,0,Armor,Inherent Implants 'Noble' Hull Upgrades HG-1006
1079,1,3239,482,3,6,0,0,0,Engineering,Inherent Implants 'Squire' Energy Management EM-806
1079,1,27117,482,3,6,0,0,0,Engineering,Inherent Implants 'Squire' Energy Management EM-801
1079,1,3237,482,3,6,0,0,0,Engineering,Inherent Implants 'Squire' Energy Management EM-802
1079,1,13259,482,3,6,0,0,0,Engineering,Inherent Implants 'Squire' Energy Management EM-803
1079,1,3238,482,3,6,0,0,0,Engineering,Inherent Implants 'Squire' Energy Management EM-804
1079,1,27116,482,3,6,0,0,0,Engineering,Inherent Implants 'Squire' Energy Management EM-805
314,1,3246,55,3,6,0,0,0,Engineering,Inherent Implants 'Squire' Energy Systems Operation EO-606
314,1,27119,55,3,6,0,0,0,Engineering,Inherent Implants 'Squire' Energy Systems Operation EO-601
314,1,3240,55,3,6,0,0,0,Engineering,Inherent Implants 'Squire' Energy Systems Operation EO-602
314,1,13260,55,3,6,0,0,0,Engineering,Inherent Implants 'Squire' Energy Systems Operation EO-603
314,1,3241,55,3,6,0,0,0,Engineering,Inherent Implants 'Squire' Energy Systems Operation EO-604
314,1,27118,55,3,6,0,0,0,Engineering,Inherent Implants 'Squire' Energy Systems Operation EO-605
317,1,3249,6,4,695;696;697,0,0,0,Engineering,Inherent Implants 'Squire' Energy Emission Systems ES-706
317,1,27120,6,4,695;696;697,0,0,0,Engineering,Inherent Implants 'Squire' Energy Emission Systems ES-701
317,1,3247,6,4,695;696;697,0,0,0,Engineering,Inherent Implants 'Squire' Energy Emission Systems ES-702
317,1,13265,6,4,695;696;697,0,0,0,Engineering,Inherent Implants 'Squire' Energy Emission Systems ES-703
317,1,3248,6,4,695;696;697,0,0,0,Engineering,Inherent Implants 'Squire' Energy Emission Systems ES-704
317,1,27121,6,4,695;696;697,0,0,0,Engineering,Inherent Implants 'Squire' Energy Emission Systems ES-705
66,1,3252,73,2,72,0,0,0,Engineering,Inherent Implants 'Squire' Energy Pulse Weapons EP-706
66,1,27123,73,2,72,0,0,0,Engineering,Inherent Implants 'Squire' Energy Pulse Weapons EP-701
66,1,3250,73,2,72,0,0,0,Engineering,Inherent Implants 'Squire' Energy Pulse Weapons EP-702
66,1,13251,73,2,72,0,0,0,Engineering,Inherent Implants 'Squire' Energy Pulse Weapons EP-703
66,1,3251,73,2,72,0,0,0,Engineering,Inherent Implants 'Squire' Energy Pulse Weapons EP-704
66,1,27122,73,2,72,0,0,0,Engineering,Inherent Implants 'Squire' Energy Pulse Weapons EP-705
310,1,3255,50,5,3424,0,0,0,Engineering,Inherent Implants 'Squire' Energy Grid Upgrades EU-706
310,1,27125,50,5,3424,0,0,0,Engineering,Inherent Implants 'Squire' Energy Grid Upgrades EU-701
310,1,3253,50,5,3424,0,0,0,Engineering,Inherent Implants 'Squire' Energy Grid Upgrades EU-702
310,1,13255,50,5,3424,0,0,0,Engineering,Inherent Implants 'Squire' Energy Grid Upgrades EU-703
310,1,3254,50,5,3424,0,0,0,Engineering,Inherent Implants 'Squire' Energy Grid Upgrades EU-704
310,1,27124,50,5,3424,0,0,0,Engineering,Inherent Implants 'Squire' Energy Grid Upgrades EU-705
313,1,3258,11,3,6,0,0,0,Engineering,Inherent Implants 'Squire' Engineering EG-606
313,1,3258,549,2,339,0,0,0,Engineering,Inherent Implants 'Squire' Engineering EG-606
313,1,27127,11,3,6,0,0,0,Engineering,Inherent Implants 'Squire' Engineering EG-601
313,1,27127,549,2,339,0,0,0,Engineering,Inherent Implants 'Squire' Engineering EG-601
313,1,3256,11,3,6,0,0,0,Engineering,Inherent Implants 'Squire' Engineering EG-602
313,1,3256,549,2,339,0,0,0,Engineering,Inherent Implants 'Squire' Engineering EG-602
313,1,13261,11,3,6,0,0,0,Engineering,Inherent Implants 'Squire' Engineering EG-603
313,1,13261,549,2,339,0,0,0,Engineering,Inherent Implants 'Squire' Engineering EG-603
313,1,3257,11,3,6,0,0,0,Engineering,Inherent Implants 'Squire' Engineering EG-604
313,1,3257,549,2,339,0,0,0,Engineering,Inherent Implants 'Squire' Engineering EG-604
313,1,27126,11,3,6,0,0,0,Engineering,Inherent Implants 'Squire' Engineering EG-605
313,1,27126,549,2,339,0,0,0,Engineering,Inherent Implants 'Squire' Engineering EG-605
780,1,27103,73,4,1038,0,0,0,Industry,Inherent Implants 'Yeti' Ice Harvesting IH-1001
780,1,22570,73,4,1038,0,0,0,Industry,Inherent Implants 'Yeti' Ice Harvesting IH-1003
780,1,22571,73,4,1038,0,0,0,Industry,Inherent Implants 'Yeti' Ice Harvesting IH-1005
1156,1,27191,1372,2,479,0,0,0,Science,Poteque 'Prospector' Astrometric Pinpointing AP-602
1156,1,27186,1372,2,479,0,0,0,Science,Poteque 'Prospector' Astrometric Pinpointing AP-606
1156,1,27190,1372,2,479,0,0,0,Science,Poteque 'Prospector' Astrometric Pinpointing AP-610
66,1,27193,73,2,481,0,0,0,Science,Poteque 'Prospector' Astrometric Acquisition AQ-702
66,1,27187,73,2,481,0,0,0,Science,Poteque 'Prospector' Astrometric Acquisition AQ-706
66,1,27192,73,2,481,0,0,0,Science,Poteque 'Prospector' Astrometric Acquisition AQ-710
846,1,27195,1371,2,479,0,0,0,Science,Poteque 'Prospector' Astrometric Rangefinding AR-802
846,1,27188,1371,2,479,0,0,0,Science,Poteque 'Prospector' Astrometric Rangefinding AR-806
846,1,27194,1371,2,479,0,0,0,Science,Poteque 'Prospector' Astrometric Rangefinding AR-810
1160,1,27196,902,1,22177;30832,0,0,0,Science,Poteque 'Prospector' Archaeology AC-905
1160,1,27197,902,1,22175;30834,0,0,0,Science,Poteque 'Prospector' Hacking HC-905
902,1,27198,902,1,25861;30836,0,0,0,Science,Poteque 'Prospector' Salvaging SV-905
66,1,27260,73,2,538,0,0,0,Science,Poteque 'Prospector' Environmental Analysis EY-1005
#,1,27170,,,,,0,0,Industry,Zainou 'Beancounter' Industry BX-801
#,1,27167,,,,,0,0,Industry,Zainou 'Beancounter' Industry BX-802
#,1,27171,,,,,0,0,Industry,Zainou 'Beancounter' Industry BX-804
#,1,27175,,,,,0,0,Industry,Zainou 'Beancounter' Refining RX-801
#,1,27169,,,,,0,0,Industry,Zainou 'Beancounter' Refining RX-802
#,1,27174,,,,,0,0,Industry,Zainou 'Beancounter' Refining RX-804
#,1,27180,,,,,0,0,Industry,Zainou 'Beancounter' Research RR-601
#,1,27177,,,,,0,0,Industry,Zainou 'Beancounter' Research RR-603
#,1,27179,,,,,0,0,Industry,Zainou 'Beancounter' Research RR-605
#,1,27182,,,,,0,0,Industry,Zainou 'Beancounter' Metallurgy MY-701
#,1,27176,,,,,0,0,Industry,Zainou 'Beancounter' Metallurgy MY-703
#,1,27181,,,,,0,0,Industry,Zainou 'Beancounter' Metallurgy MY-705
#,1,27185,,,,,0,0,Industry,Zainou 'Beancounter' Science SC-801
#,1,27178,,,,,0,0,Industry,Zainou 'Beancounter' Science SC-803
#,1,27184,,,,,0,0,Industry,Zainou 'Beancounter' Science SC-805
294,1,27076,54,2,53;55;74,0,0,0,Gunnery,Zainou 'Deadeye' Sharpshooter ST-901
294,1,10204,54,2,53;55;74,0,0,0,Gunnery,Zainou 'Deadeye' Sharpshooter ST-903
294,1,19696,54,2,53;55;74,0,0,0,Gunnery,Zainou 'Deadeye' Sharpshooter ST-905
294,1,3217,54,2,53;55;74,0,0,0,Gunnery,Zainou 'Deadeye' Sharpshooter ST-902
294,1,3234,54,2,53;55;74,0,0,0,Gunnery,Zainou 'Deadeye' Sharpshooter ST-904
294,1,3235,54,2,53;55;74,0,0,0,Gunnery,Zainou 'Deadeye' Sharpshooter ST-906
349,1,27078,158,2,53;55;74,0,0,0,Gunnery,Zainou 'Deadeye' Trajectory Analysis TA-701
349,1,13245,158,2,53;55;74,0,0,0,Gunnery,Zainou 'Deadeye' Trajectory Analysis TA-703
349,1,19697,158,2,53;55;74,0,0,0,Gunnery,Zainou 'Deadeye' Trajectory Analysis TA-705
349,1,3236,158,2,53;55;74,0,0,0,Gunnery,Zainou 'Deadeye' Trajectory Analysis TA-702
349,1,3220,158,2,53;55;74,0,0,0,Gunnery,Zainou 'Deadeye' Trajectory Analysis TA-704
349,1,3221,158,2,53;55;74,0,0,0,Gunnery,Zainou 'Deadeye' Trajectory Analysis TA-706
292,1,27089,10015,4,563;566,0,0,0,Gunnery,Zainou 'Deadeye' Large Hybrid Turret LH-1001
292,1,13218,10015,4,563;566,0,0,0,Gunnery,Zainou 'Deadeye' Large Hybrid Turret LH-1003
292,1,19698,10015,4,563;566,0,0,0,Gunnery,Zainou 'Deadeye' Large Hybrid Turret LH-1005
292,1,3222,10015,4,563;566,0,0,0,Gunnery,Zainou 'Deadeye' Large Hybrid Turret LH-1002
292,1,3223,10015,4,563;566,0,0,0,Gunnery,Zainou 'Deadeye' Large Hybrid Turret LH-1004
292,1,3224,10015,4,563;566,0,0,0,Gunnery,Zainou 'Deadeye' Large Hybrid Turret LH-1006
292,1,27086,10015,4,562;565,0,0,0,Gunnery,Zainou 'Deadeye' Medium Hybrid Turret MH-801
292,1,13221,10015,4,562;565,0,0,0,Gunnery,Zainou 'Deadeye' Medium Hybrid Turret MH-803
292,1,19699,10015,4,562;565,0,0,0,Gunnery,Zainou 'Deadeye' Medium Hybrid Turret MH-805
292,1,3231,10015,4,562;565,0,0,0,Gunnery,Zainou 'Deadeye' Medium Hybrid Turret MH-802
292,1,3232,10015,4,562;565,0,0,0,Gunnery,Zainou 'Deadeye' Medium Hybrid Turret MH-804
292,1,3233,10015,4,562;565,0,0,0,Gunnery,Zainou 'Deadeye' Medium Hybrid Turret MH-806
292,1,27083,10015,4,561;564,0,0,0,Gunnery,Zainou 'Deadeye' Small Hybrid Turret SH-601
292,1,13224,10015,4,561;564,0,0,0,Gunnery,Zainou 'Deadeye' Small Hybrid Turret SH-603
292,1,19700,10015,4,561;564,0,0,0,Gunnery,Zainou 'Deadeye' Small Hybrid Turret SH-605
292,1,3225,10015,4,561;564,0,0,0,Gunnery,Zainou 'Deadeye' Small Hybrid Turret SH-602
292,1,3226,10015,4,561;564,0,0,0,Gunnery,Zainou 'Deadeye' Small Hybrid Turret SH-604
292,1,3227,10015,4,561;564,0,0,0,Gunnery,Zainou 'Deadeye' Small Hybrid Turret SH-606
848,1,27094,654,2,384;653;385;655;386;656,0,0,0,Missiles,Zainou 'Deadeye' Guided Missile Precision GP-801
848,1,24632,654,2,384;653;385;655;386;656,0,0,0,Missiles,Zainou 'Deadeye' Guided Missile Precision GP-803
848,1,24640,654,2,384;653;385;655;386;656,0,0,0,Missiles,Zainou 'Deadeye' Guided Missile Precision GP-805
848,1,3125,654,2,384;653;385;655;386;656,0,0,0,Missiles,Zainou 'Deadeye' Guided Missile Precision GP-802
848,1,3126,654,2,384;653;385;655;386;656,0,0,0,Missiles,Zainou 'Deadeye' Guided Missile Precision GP-804
848,1,3127,654,2,384;653;385;655;386;656,0,0,0,Missiles,Zainou 'Deadeye' Guided Missile Precision GP-806
557,1,27092,281,2,654;656;655;653;648;657;772;386;385;384;387;89;476;88;914,0,0,0,Missiles,Zainou 'Deadeye' Missile Bombardment MB-701
557,1,13247,281,2,654;656;655;653;648;657;772;386;385;384;387;89;476;88;914,0,0,0,Missiles,Zainou 'Deadeye' Missile Bombardment MB-703
557,1,24636,281,2,654;656;655;653;648;657;772;386;385;384;387;89;476;88;914,0,0,0,Missiles,Zainou 'Deadeye' Missile Bombardment MB-705
557,1,3128,281,2,654;656;655;653;648;657;772;386;385;384;387;89;476;88;914,0,0,0,Missiles,Zainou 'Deadeye' Missile Bombardment MB-702
557,1,3129,281,2,654;656;655;653;648;657;772;386;385;384;387;89;476;88;914,0,0,0,Missiles,Zainou 'Deadeye' Missile Bombardment MB-704
557,1,3132,281,2,654;656;655;653;648;657;772;386;385;384;387;89;476;88;914,0,0,0,Missiles,Zainou 'Deadeye' Missile Bombardment MB-706
20,1,27093,37,2,654;656;655;653;648;657;772;386;385;384;387;89;476;88;914,0,0,0,Missiles,Zainou 'Deadeye' Missile Projection MP-701
20,1,13248,37,2,654;656;655;653;648;657;772;386;385;384;387;89;476;88;914,0,0,0,Missiles,Zainou 'Deadeye' Missile Projection MP-703
20,1,24637,37,2,654;656;655;653;648;657;772;386;385;384;387;89;476;88;914,0,0,0,Missiles,Zainou 'Deadeye' Missile Projection MP-705
20,1,3133,37,2,654;656;655;653;648;657;772;386;385;384;387;89;476;88;914,0,0,0,Missiles,Zainou 'Deadeye' Missile Projection MP-702
20,1,3134,37,2,654;656;655;653;648;657;772;386;385;384;387;89;476;88;914,0,0,0,Missiles,Zainou 'Deadeye' Missile Projection MP-704
20,1,3135,37,2,654;656;655;653;648;657;772;386;385;384;387;89;476;88;914,0,0,0,Missiles,Zainou 'Deadeye' Missile Projection MP-706
293,1,27096,51,2,511;862;524;506;510;771;507;508;501;509,0,0,0,Missiles,Zainou 'Deadeye' Rapid Launch RL-1001
293,1,13249,51,2,511;862;524;506;510;771;507;508;501;509,0,0,0,Missiles,Zainou 'Deadeye' Rapid Launch RL-1003
293,1,24638,51,2,511;862;524;506;510;771;507;508;501;509,0,0,0,Missiles,Zainou 'Deadeye' Rapid Launch RL-1005
293,1,3136,51,2,511;862;524;506;510;771;507;508;501;509,0,0,0,Missiles,Zainou 'Deadeye' Rapid Launch RL-1002
293,1,3137,51,2,511;862;524;506;510;771;507;508;501;509,0,0,0,Missiles,Zainou 'Deadeye' Rapid Launch RL-1004
293,1,3140,51,2,511;862;524;506;510;771;507;508;501;509,0,0,0,Missiles,Zainou 'Deadeye' Rapid Launch RL-1006
847,1,27095,653,2,654;656;655;653;648;657;772;386;385;384;387;89;476;88;914,0,0,0,Missiles,Zainou 'Deadeye' Target Navigation Prediction TN-901
847,1,13250,653,2,654;656;655;653;648;657;772;386;385;384;387;89;476;88;914,0,0,0,Missiles,Zainou 'Deadeye' Target Navigation Prediction TN-903
847,1,24639,653,2,654;656;655;653;648;657;772;386;385;384;387;89;476;88;914,0,0,0,Missiles,Zainou 'Deadeye' Target Navigation Prediction TN-905
847,1,3141,653,2,654;656;655;653;648;657;772;386;385;384;387;89;476;88;914,0,0,0,Missiles,Zainou 'Deadeye' Target Navigation Prediction TN-902
847,1,3142,653,2,654;656;655;653;648;657;772;386;385;384;387;89;476;88;914,0,0,0,Missiles,Zainou 'Deadeye' Target Navigation Prediction TN-904
847,1,3143,653,2,654;656;655;653;648;657;772;386;385;384;387;89;476;88;914,0,0,0,Missiles,Zainou 'Deadeye' Target Navigation Prediction TN-906
310,1,27091,50,2,511;862;524;506;510;771;507;508;501;509,0,0,0,Missiles,Zainou 'Gnome' Launcher CPU Efficiency LE-601
310,1,24641,50,2,511;862;524;506;510;771;507;508;501;509,0,0,0,Missiles,Zainou 'Gnome' Launcher CPU Efficiency LE-603
310,1,24642,50,2,511;862;524;506;510;771;507;508;501;509,0,0,0,Missiles,Zainou 'Gnome' Launcher CPU Efficiency LE-605
310,1,3144,50,2,511;862;524;506;510;771;507;508;501;509,0,0,0,Missiles,Zainou 'Gnome' Launcher CPU Efficiency LE-602
310,1,3145,50,2,511;862;524;506;510;771;507;508;501;509,0,0,0,Missiles,Zainou 'Gnome' Launcher CPU Efficiency LE-604
310,1,3148,50,2,511;862;524;506;510;771;507;508;501;509,0,0,0,Missiles,Zainou 'Gnome' Launcher CPU Efficiency LE-606
323,1,13253,30,5,3425,0,0,0,Shield,Zainou 'Gnome' Shield Upgrades SU-603
323,1,3078,30,5,3425,0,0,0,Shield,Zainou 'Gnome' Shield Upgrades SU-604
323,1,16245,30,5,3425,0,0,0,Shield,Zainou 'Gnome' Shield Upgrades SU-605
323,1,3079,30,5,3425,0,0,0,Shield,Zainou 'Gnome' Shield Upgrades SU-606
323,1,27104,30,5,3425,0,0,0,Shield,Zainou 'Gnome' Shield Upgrades SU-601
323,1,3077,30,5,3425,0,0,0,Shield,Zainou 'Gnome' Shield Upgrades SU-602
337,1,10228,263,3,6,0,0,0,Shield,Zainou 'Gnome' Shield Management SM-703
337,1,10228,72,2,38,0,0,0,Shield,Zainou 'Gnome' Shield Management SM-703
337,1,3081,263,3,6,0,0,0,Shield,Zainou 'Gnome' Shield Management SM-704
337,1,3081,72,2,38,0,0,0,Shield,Zainou 'Gnome' Shield Management SM-704
337,1,16246,263,3,6,0,0,0,Shield,Zainou 'Gnome' Shield Management SM-705
337,1,16246,72,2,38,0,0,0,Shield,Zainou 'Gnome' Shield Management SM-705
337,1,3084,263,3,6,0,0,0,Shield,Zainou 'Gnome' Shield Management SM-706
337,1,3084,72,2,38,0,0,0,Shield,Zainou 'Gnome' Shield Management SM-706
337,1,27105,263,3,6,0,0,0,Shield,Zainou 'Gnome' Shield Management SM-701
337,1,27105,72,2,38,0,0,0,Shield,Zainou 'Gnome' Shield Management SM-701
337,1,3080,263,3,6,0,0,0,Shield,Zainou 'Gnome' Shield Management SM-702
337,1,3080,72,2,38,0,0,0,Shield,Zainou 'Gnome' Shield Management SM-702
317,1,13262,6,4,604;603;602;601,0,0,0,Shield,Zainou 'Gnome' Shield Emission Systems SE-803
317,1,3086,6,4,604;603;602;601,0,0,0,Shield,Zainou 'Gnome' Shield Emission Systems SE-804
317,1,16247,6,4,604;603;602;601,0,0,0,Shield,Zainou 'Gnome' Shield Emission Systems SE-805
317,1,3087,6,4,604;603;602;601,0,0,0,Shield,Zainou 'Gnome' Shield Emission Systems SE-806
317,1,27106,6,4,604;603;602;601,0,0,0,Shield,Zainou 'Gnome' Shield Emission Systems SE-801
317,1,3085,6,4,604;603;602;601,0,0,0,Shield,Zainou 'Gnome' Shield Emission Systems SE-802
338,1,13263,479,3,6,0,0,0,Shield,Zainou 'Gnome' Shield Operation SP-903
338,1,3089,479,3,6,0,0,0,Shield,Zainou 'Gnome' Shield Operation SP-904
338,1,16248,479,3,6,0,0,0,Shield,Zainou 'Gnome' Shield Operation SP-905
338,1,3092,479,3,6,0,0,0,Shield,Zainou 'Gnome' Shield Operation SP-906
338,1,27107,479,3,6,0,0,0,Shield,Zainou 'Gnome' Shield Operation SP-901
338,1,3088,479,3,6,0,0,0,Shield,Zainou 'Gnome' Shield Operation SP-902
310,1,13252,50,2,53;55;74,0,0,0,Gunnery,Zainou 'Gnome' Weapon Upgrades WU-1003
310,1,3229,50,2,53;55;74,0,0,0,Gunnery,Zainou 'Gnome' Weapon Upgrades WU-1004
310,1,16249,50,2,53;55;74,0,0,0,Gunnery,Zainou 'Gnome' Weapon Upgrades WU-1005
310,1,3230,50,2,53;55;74,0,0,0,Gunnery,Zainou 'Gnome' Weapon Upgrades WU-1006
310,1,27080,50,2,53;55;74,0,0,0,Gunnery,Zainou 'Gnome' Weapon Upgrades WU-1001
310,1,3228,50,2,53;55;74,0,0,0,Gunnery,Zainou 'Gnome' Weapon Upgrades WU-1002
310,1,27129,50,5,3432,0,0,0,Electronics,Zainou 'Gypsy' Electronics Upgrades EU-601
310,1,3262,50,5,3432,0,0,0,Electronics,Zainou 'Gypsy' Electronics Upgrades EU-602
310,1,13254,50,5,3432,0,0,0,Electronics,Zainou 'Gypsy' Electronics Upgrades EU-603
310,1,3263,50,5,3432,0,0,0,Electronics,Zainou 'Gypsy' Electronics Upgrades EU-604
310,1,27128,50,5,3432,0,0,0,Electronics,Zainou 'Gypsy' Electronics Upgrades EU-605
310,1,3264,50,5,3432,0,0,0,Electronics,Zainou 'Gypsy' Electronics Upgrades EU-606
424,1,27143,48,3,6,0,0,0,Electronics,Zainou 'Gypsy' Electronics EE-601
424,1,3265,48,3,6,0,0,0,Electronics,Zainou 'Gypsy' Electronics EE-602
424,1,13216,48,3,6,0,0,0,Electronics,Zainou 'Gypsy' Electronics EE-603
424,1,3266,48,3,6,0,0,0,Electronics,Zainou 'Gypsy' Electronics EE-604
424,1,27142,48,3,6,0,0,0,Electronics,Zainou 'Gypsy' Electronics EE-605
424,1,3267,48,3,6,0,0,0,Electronics,Zainou 'Gypsy' Electronics EE-606
566,1,27131,564,3,6,0,0,0,Electronics,Zainou 'Gypsy' Signature Analysis SA-701
566,1,3268,564,3,6,0,0,0,Electronics,Zainou 'Gypsy' Signature Analysis SA-702
566,1,10244,564,3,6,0,0,0,Electronics,Zainou 'Gypsy' Signature Analysis SA-703
566,1,3269,564,3,6,0,0,0,Electronics,Zainou 'Gypsy' Signature Analysis SA-704
566,1,27130,564,3,6,0,0,0,Electronics,Zainou 'Gypsy' Signature Analysis SA-705
566,1,3270,564,3,6,0,0,0,Electronics,Zainou 'Gypsy' Signature Analysis SA-706
317,1,27226,6,5,3427,0,0,0,Electronics,Zainou 'Gypsy' Electronic Warfare EW-901
317,1,3271,6,5,3427,0,0,0,Electronics,Zainou 'Gypsy' Electronic Warfare EW-902
317,1,13232,6,5,3427,0,0,0,Electronics,Zainou 'Gypsy' Electronic Warfare EW-903
317,1,3272,6,5,3427,0,0,0,Electronics,Zainou 'Gypsy' Electronic Warfare EW-904
317,1,27225,6,5,3427,0,0,0,Electronics,Zainou 'Gypsy' Electronic Warfare EW-905
317,1,3273,6,5,3427,0,0,0,Electronics,Zainou 'Gypsy' Electronic Warfare EW-906
309,1,27229,76,3,6,0,0,0,Electronics,Zainou 'Gypsy' Long Range Targeting LT-801
309,1,3274,76,3,6,0,0,0,Electronics,Zainou 'Gypsy' Long Range Targeting LT-802
309,1,13233,76,3,6,0,0,0,Electronics,Zainou 'Gypsy' Long Range Targeting LT-803
309,1,3275,76,3,6,0,0,0,Electronics,Zainou 'Gypsy' Long Range Targeting LT-804
309,1,27227,76,3,6,0,0,0,Electronics,Zainou 'Gypsy' Long Range Targeting LT-805
309,1,3276,76,3,6,0,0,0,Electronics,Zainou 'Gypsy' Long Range Targeting LT-806
317,1,27231,6,2,52;65,0,0,0,Electronics,Zainou 'Gypsy' Propulsion Jamming PJ-801
317,1,3277,6,2,52;65,0,0,0,Electronics,Zainou 'Gypsy' Propulsion Jamming PJ-802
317,1,13234,6,2,52;65,0,0,0,Electronics,Zainou 'Gypsy' Propulsion Jamming PJ-803
317,1,3278,6,2,52;65,0,0,0,Electronics,Zainou 'Gypsy' Propulsion Jamming PJ-804
317,1,27230,6,2,52;65,0,0,0,Electronics,Zainou 'Gypsy' Propulsion Jamming PJ-805
317,1,3279,6,2,52;65,0,0,0,Electronics,Zainou 'Gypsy' Propulsion Jamming PJ-806
317,1,27233,6,2,208;290,0,0,0,Electronics,Zainou 'Gypsy' Sensor Linking SL-901
317,1,3280,6,2,208;290,0,0,0,Electronics,Zainou 'Gypsy' Sensor Linking SL-902
317,1,13235,6,2,208;290,0,0,0,Electronics,Zainou 'Gypsy' Sensor Linking SL-903
317,1,3281,6,2,208;290,0,0,0,Electronics,Zainou 'Gypsy' Sensor Linking SL-904
317,1,27232,6,2,208;290,0,0,0,Electronics,Zainou 'Gypsy' Sensor Linking SL-905
317,1,3282,6,2,208;290,0,0,0,Electronics,Zainou 'Gypsy' Sensor Linking SL-906
317,1,27235,6,2,291,0,0,0,Electronics,Zainou 'Gypsy' Weapon Disruption WD-901
317,1,3283,6,2,291,0,0,0,Electronics,Zainou 'Gypsy' Weapon Disruption WD-902
317,1,13236,6,2,291,0,0,0,Electronics,Zainou 'Gypsy' Weapon Disruption WD-903
317,1,3284,6,2,291,0,0,0,Electronics,Zainou 'Gypsy' Weapon Disruption WD-904
317,1,27234,6,2,291,0,0,0,Electronics,Zainou 'Gypsy' Weapon Disruption WD-905
317,1,3287,6,2,291,0,0,0,Electronics,Zainou 'Gypsy' Weapon Disruption WD-906
317,1,27237,6,2,379,0,0,0,Electronics,Zainou 'Gypsy' Target Painting TG-901
317,1,3288,6,2,379,0,0,0,Electronics,Zainou 'Gypsy' Target Painting TG-902
317,1,27224,6,2,379,0,0,0,Electronics,Zainou 'Gypsy' Target Painting TG-903
317,1,3289,6,2,379,0,0,0,Electronics,Zainou 'Gypsy' Target Painting TG-904
317,1,27236,6,2,379,0,0,0,Electronics,Zainou 'Gypsy' Target Painting TG-905
317,1,3290,6,2,379,0,0,0,Electronics,Zainou 'Gypsy' Target Painting TG-906
292,1,27206,114;116;117;118,2,476,0,0,0,Missiles,Hardwiring - Zainou 'Sharpshooter' ZMX10
292,1,27204,114;116;117;118,2,476,0,0,0,Missiles,Hardwiring - Zainou 'Sharpshooter' ZMX100
292,1,27205,114;116;117;118,2,476,0,0,0,Missiles,Hardwiring - Zainou 'Sharpshooter' ZMX1000
292,1,3149,114;116;117;118,2,476,0,0,0,Missiles,Hardwiring - Zainou 'Sharpshooter' ZMX11
292,1,3150,114;116;117;118,2,476,0,0,0,Missiles,Hardwiring - Zainou 'Sharpshooter' ZMX110
292,1,3151,114;116;117;118,2,476,0,0,0,Missiles,Hardwiring - Zainou 'Sharpshooter' ZMX1100
547,1,13227,37,2,88,0,0,0,Missiles,Zainou 'Snapshot' Defender Missiles DM-803
547,1,3153,37,2,88,0,0,0,Missiles,Zainou 'Snapshot' Defender Missiles DM-804
547,1,27243,37,2,88,0,0,0,Missiles,Zainou 'Snapshot' Defender Missiles DM-805
547,1,3156,37,2,88,0,0,0,Missiles,Zainou 'Snapshot' Defender Missiles DM-806
547,1,27244,37,2,88,0,0,0,Missiles,Zainou 'Snapshot' Defender Missiles DM-801
547,1,3152,37,2,88,0,0,0,Missiles,Zainou 'Snapshot' Defender Missiles DM-802
292,1,27109,114;116;117;118,2,654;772,0,0,0,Missiles,Zainou 'Snapshot' Assault Missiles AM-703
292,1,3158,114;116;117;118,2,654;772,0,0,0,Missiles,Zainou 'Snapshot' Assault Missiles AM-704
292,1,27245,114;116;117;118,2,654;772,0,0,0,Missiles,Zainou 'Snapshot' Assault Missiles AM-705
292,1,3159,114;116;117;118,2,654;772,0,0,0,Missiles,Zainou 'Snapshot' Assault Missiles AM-706
292,1,27246,114;116;117;118,2,654;772,0,0,0,Missiles,Zainou 'Snapshot' Assault Missiles AM-701
292,1,3157,114;116;117;118,2,654;772,0,0,0,Missiles,Zainou 'Snapshot' Assault Missiles AM-702
848,1,13228,654,2,394;395;396,0,0,0,Missiles,Zainou 'Snapshot' FOF Explosion Radius FR-1003
848,1,3161,654,2,394;395;396,0,0,0,Missiles,Zainou 'Snapshot' FOF Explosion Radius FR-1004
848,1,27247,654,2,394;395;396,0,0,0,Missiles,Zainou 'Snapshot' FOF Explosion Radius FR-1005
848,1,3164,654,2,394;395;396,0,0,0,Missiles,Zainou 'Snapshot' FOF Explosion Radius FR-1006
848,1,27249,654,2,394;395;396,0,0,0,Missiles,Zainou 'Snapshot' FOF Explosion Radius FR-1001
848,1,3160,654,2,394;395;396,0,0,0,Missiles,Zainou 'Snapshot' FOF Explosion Radius FR-1002
292,1,13229,114;116;117;118,2,385;655,0,0,0,Missiles,Zainou 'Snapshot' Heavy Missiles HM-703
292,1,3166,114;116;117;118,2,385;655,0,0,0,Missiles,Zainou 'Snapshot' Heavy Missiles HM-704
292,1,27250,114;116;117;118,2,385;655,0,0,0,Missiles,Zainou 'Snapshot' Heavy Missiles HM-705
292,1,3167,114;116;117;118,2,385;655,0,0,0,Missiles,Zainou 'Snapshot' Heavy Missiles HM-706
292,1,27251,114;116;117;118,2,385;655,0,0,0,Missiles,Zainou 'Snapshot' Heavy Missiles HM-701
292,1,3165,114;116;117;118,2,385;655,0,0,0,Missiles,Zainou 'Snapshot' Heavy Missiles HM-702
292,1,27108,114;116;117;118,2,384;653,0,0,0,Missiles,Zainou 'Snapshot' Light Missiles LM-903
292,1,3169,114;116;117;118,2,384;653,0,0,0,Missiles,Zainou 'Snapshot' Light Missiles LM-904
292,1,27252,114;116;117;118,2,384;653,0,0,0,Missiles,Zainou 'Snapshot' Light Missiles LM-905
292,1,3172,114;116;117;118,2,384;653,0,0,0,Missiles,Zainou 'Snapshot' Light Missiles LM-906
292,1,27253,114;116;117;118,2,384;653,0,0,0,Missiles,Zainou 'Snapshot' Light Missiles LM-901
292,1,3168,114;116;117;118,2,384;653,0,0,0,Missiles,Zainou 'Snapshot' Light Missiles LM-902
292,1,13230,114;116;117;118,2,387;648,0,0,0,Missiles,Zainou 'Snapshot' Rockets RD-903
292,1,3174,114;116;117;118,2,387;648,0,0,0,Missiles,Zainou 'Snapshot' Rockets RD-904
292,1,27254,114;116;117;118,2,387;648,0,0,0,Missiles,Zainou 'Snapshot' Rockets RD-905
292,1,3175,114;116;117;118,2,387;648,0,0,0,Missiles,Zainou 'Snapshot' Rockets RD-906
292,1,27255,114;116;117;118,2,387;648,0,0,0,Missiles,Zainou 'Snapshot' Rockets RD-901
292,1,3173,114;116;117;118,2,387;648,0,0,0,Missiles,Zainou 'Snapshot' Rockets RD-902
292,1,13231,114;116;117;118,2,89;657,0,0,0,Missiles,Zainou 'Snapshot' Torpedoes TD-603
292,1,3177,114;116;117;118,2,89;657,0,0,0,Missiles,Zainou 'Snapshot' Torpedoes TD-604
292,1,27256,114;116;117;118,2,89;657,0,0,0,Missiles,Zainou 'Snapshot' Torpedoes TD-605
292,1,3180,114;116;117;118,2,89;657,0,0,0,Missiles,Zainou 'Snapshot' Torpedoes TD-606
292,1,27257,114;116;117;118,2,89;657,0,0,0,Missiles,Zainou 'Snapshot' Torpedoes TD-601
292,1,3176,114;116;117;118,2,89;657,0,0,0,Missiles,Zainou 'Snapshot' Torpedoes TD-602
292,1,13226,114;116;117;118,2,386;656,0,0,0,Missiles,Zainou 'Snapshot' Cruise Missiles CM-603
292,1,3182,114;116;117;118,2,386;656,0,0,0,Missiles,Zainou 'Snapshot' Cruise Missiles CM-604
292,1,27258,114;116;117;118,2,386;656,0,0,0,Missiles,Zainou 'Snapshot' Cruise Missiles CM-605
292,1,3183,114;116;117;118,2,386;656,0,0,0,Missiles,Zainou 'Snapshot' Cruise Missiles CM-606
292,1,27259,114;116;117;118,2,386;656,0,0,0,Missiles,Zainou 'Snapshot' Cruise Missiles CM-601
292,1,3181,114;116;117;118,2,386;656,0,0,0,Missiles,Zainou 'Snapshot' Cruise Missiles CM-602
#317,1,27213,6,4,600,0,0,0,Shield,Hardwiring - Zainou 'Sprite' KXX1000
#317,1,27215,6,4,600,0,0,0,Shield,Hardwiring - Zainou 'Sprite' KXX2000
#317,1,27214,6,4,600,0,0,0,Shield,Hardwiring - Zainou 'Sprite' KXX500
806,1,32254,84,2,62,0,0,0,Armor,Imperial Navy Modified 'Noble' Implant
1083,1,32254,265,3,6,0,0,0,Armor,Imperial Navy Modified 'Noble' Implant
1083,1,22760,265,3,6,0,0,0,Armor,Imperial Special Ops Field Enhancer - Standard
309,1,21889,76,3,6,0,0,1,Electronics,Information Warfare Mindlink
884,1,21889,833,1,20406;20405;11052;4268;4270;4272,0,0,0,Gang,Information Warfare Mindlink
884,1,21889,1310,1,20406;20405;11052;4268;4270;4272,0,0,0,Gang,Information Warfare Mindlink
884,1,21889,1320,1,20406;20405;11052;4268;4270;4272,0,0,0,Gang,Information Warfare Mindlink
884,1,21889,1321,1,20406;20405;11052;4268;4270;4272,0,0,0,Gang,Information Warfare Mindlink
884,1,21889,1322,1,20406;20405;11052;4268;4270;4272,0,0,0,Gang,Information Warfare Mindlink
884,1,21889,1323,1,20406;20405;11052;4268;4270;4272,0,0,0,Gang,Information Warfare Mindlink
1028,1,31974,209,3,6,0,0,0,Electronics;Learning,Jackal Alpha
1028,1,31975,209,3,6,0,0,0,Electronics;Learning,Jackal Beta
1028,1,31976,209,3,6,0,0,0,Electronics;Learning,Jackal Delta
1028,1,31977,209,3,6,0,0,0,Electronics;Learning,Jackal Epsilon
1028,1,31978,209,3,6,0,0,0,Electronics;Learning,Jackal Gamma
#,1,,,,,,0,0,Learning,#Limited Cybernetic Subprocessor
#,1,,,,,,0,0,Learning,#Limited Cybernetic Subprocessor - Beta
#,1,,,,,,0,0,Learning,#Limited Memory Augmentation
#,1,,,,,,0,0,Learning,#Limited Memory Augmentation - Beta
#,1,,,,,,0,0,Learning,#Limited Neural Boost
#,1,,,,,,0,0,Learning,#Limited Neural Boost - Beta
#,1,,,,,,0,0,Learning,#Limited Ocular Filter
#,1,,,,,,0,0,Learning,#Limited Ocular Filter - Beta
#,1,,,,,,0,0,Learning,#Limited Social Adaptation Chip
#,1,,,,,,0,0,Learning,#Limited Social Adaptation Chip - Beta
1565,1,32101,208,3,6,1,0,0,Electronics;Learning,Low-grade Grail Alpha
1565,1,32102,208,3,6,1,0,0,Electronics;Learning,Low-grade Grail Beta
1565,1,32103,208,3,6,1,0,0,Electronics;Learning,Low-grade Grail Delta
1565,1,32104,208,3,6,1,0,0,Electronics;Learning,Low-grade Grail Epsilon
1565,1,32105,208,3,6,1,0,0,Electronics;Learning,Low-grade Grail Gamma
1566,1,32117,209,3,6,1,0,0,Electronics;Learning,Low-grade Jackal Alpha
1566,1,32118,209,3,6,1,0,0,Electronics;Learning,Low-grade Jackal Beta
1566,1,32119,209,3,6,1,0,0,Electronics;Learning,Low-grade Jackal Delta
1566,1,32120,209,3,6,1,0,0,Electronics;Learning,Low-grade Jackal Epsilon
1566,1,32121,209,3,6,1,0,0,Electronics;Learning,Low-grade Jackal Gamma
1568,1,32107,210,3,6,1,0,0,Electronics;Learning,Low-grade Spur Alpha
1568,1,32108,210,3,6,1,0,0,Electronics;Learning,Low-grade Spur Beta
1568,1,32109,210,3,6,1,0,0,Electronics;Learning,Low-grade Spur Delta
1568,1,32110,210,3,6,1,0,0,Electronics;Learning,Low-grade Spur Epsilon
1568,1,32111,210,3,6,1,0,0,Electronics;Learning,Low-grade Spur Gamma
1567,1,32112,211,3,6,1,0,0,Electronics;Learning,Low-grade Talon Alpha
1567,1,32113,211,3,6,1,0,0,Electronics;Learning,Low-grade Talon Beta
1567,1,32114,211,3,6,1,0,0,Electronics;Learning,Low-grade Talon Delta
1567,1,32115,211,3,6,1,0,0,Electronics;Learning,Low-grade Talon Epsilon
1567,1,32116,211,3,6,1,0,0,Electronics;Learning,Low-grade Talon Gamma
294,1,28790,54,2,201;208;291;379,0,0,0,Electronics;Learning,Low-grade Centurion Alpha
294,1,28791,54,2,201;208;291;379,0,0,0,Electronics;Learning,Low-grade Centurion Beta
294,1,28792,54,2,201;208;291;379,0,0,0,Electronics;Learning,Low-grade Centurion Delta
294,1,28793,54,2,201;208;291;379,0,0,0,Electronics;Learning,Low-grade Centurion Epsilon
294,1,28794,54,2,201;208;291;379,0,0,0,Electronics;Learning,Low-grade Centurion Gamma
#,1,28795,,,,,0,0,Science,#Low-grade Centurion Omega
548,1,22107,68,4,609;610;611;612;760,0,0,0,Shield;Learning,Low-grade Crystal Alpha
548,1,22108,68,4,609;610;611;612;760,0,0,0,Shield;Learning,Low-grade Crystal Beta
548,1,22109,68,4,609;610;611;612;760,0,0,0,Shield;Learning,Low-grade Crystal Delta
548,1,22110,68,4,609;610;611;612;760,0,0,0,Shield;Learning,Low-grade Crystal Epsilon
548,1,22111,68,4,609;610;611;612;760,0,0,0,Shield;Learning,Low-grade Crystal Gamma
#,1,22112,,,,,0,0,Science,#Low-grade Crystal Omega
#,1,28814,,,,,0,0,Science;Learning,#Low-grade Edge Alpha
#,1,28815,,,,,0,0,Science;Learning,#Low-grade Edge Beta
#,1,28816,,,,,0,0,Science;Learning,#Low-grade Edge Delta
#,1,28817,,,,,0,0,Science;Learning,#Low-grade Edge Epsilon
#,1,28818,,,,,0,0,Science;Learning,#Low-grade Edge Gamma
#,1,28819,,,,,0,0,Science,#Low-grade Edge Omega
554,1,22113,552,3,6,0,0,0,Electronics;Learning,Low-grade Halo Alpha
554,1,22114,552,3,6,0,0,0,Electronics;Learning,Low-grade Halo Beta
554,1,22115,552,3,6,0,0,0,Electronics;Learning,Low-grade Halo Delta
554,1,22116,552,3,6,0,0,0,Electronics;Learning,Low-grade Halo Epsilon
554,1,22117,552,3,6,0,0,0,Electronics;Learning,Low-grade Halo Gamma
#,1,22118,,,,,0,0,Science,#Low-grade Halo Omega
351,1,28802,54,2,54;464;483,0,0,0,Industry;Learning,Low-grade Harvest Alpha
351,1,28803,54,2,54;464;483,0,0,0,Industry;Learning,Low-grade Harvest Beta
351,1,28804,54,2,54;464;483,0,0,0,Industry;Learning,Low-grade Harvest Delta
351,1,28805,54,2,54;464;483,0,0,0,Industry;Learning,Low-grade Harvest Epsilon
351,1,28806,54,2,54;464;483,0,0,0,Industry;Learning,Low-grade Harvest Gamma
#,1,28807,,,,,0,0,Science,#Low-grade Harvest Omega
151,1,28796,70,3,6,0,0,0,Navigation;Learning,Low-grade Nomad Alpha
151,1,28797,70,3,6,0,0,0,Navigation;Learning,Low-grade Nomad Beta
151,1,28798,70,3,6,0,0,0,Navigation;Learning,Low-grade Nomad Delta
151,1,28799,70,3,6,0,0,0,Navigation;Learning,Low-grade Nomad Epsilon
151,1,28800,70,3,6,0,0,0,Navigation;Learning,Low-grade Nomad Gamma
#,1,28801,,,,,0,0,Science,#Low-grade Nomad Omega
335,1,22119,265,3,6,0,0,0,Armor;Learning,Low-grade Slave Alpha
335,1,22119,1159,2,329,0,0,0,Armor;Learning,Low-grade Slave Alpha
335,1,22120,265,3,6,0,0,0,Armor;Learning,Low-grade Slave Beta
335,1,22120,1159,2,329,0,0,0,Armor;Learning,Low-grade Slave Beta
335,1,22121,265,3,6,0,0,0,Armor;Learning,Low-grade Slave Delta
335,1,22121,1159,2,329,0,0,0,Armor;Learning,Low-grade Slave Delta
335,1,22122,265,3,6,0,0,0,Armor;Learning,Low-grade Slave Epsilon
335,1,22122,1159,2,329,0,0,0,Armor;Learning,Low-grade Slave Epsilon
335,1,22123,265,3,6,0,0,0,Armor;Learning,Low-grade Slave Gamma
335,1,22123,1159,2,329,0,0,0,Armor;Learning,Low-grade Slave Gamma
#,1,22124,,,,,0,0,Science,#Low-grade Slave Omega
315,1,22125,37,3,6,0,0,0,Navigation;Learning,Low-grade Snake Alpha
315,1,22126,37,3,6,0,0,0,Navigation;Learning,Low-grade Snake Beta
315,1,22127,37,3,6,0,0,0,Navigation;Learning,Low-grade Snake Delta
315,1,22128,37,3,6,0,0,0,Navigation;Learning,Low-grade Snake Epsilon
315,1,22129,37,3,6,0,0,0,Navigation;Learning,Low-grade Snake Gamma
#,1,22130,,,,,0,0,Science,#Low-grade Snake Omega
66,1,22131,73,5,3423,0,0,0,Engineering;Learning,Low-grade Talisman Alpha
66,1,22133,73,5,3423,0,0,0,Engineering;Learning,Low-grade Talisman Beta
66,1,22134,73,5,3423,0,0,0,Engineering;Learning,Low-grade Talisman Delta
66,1,22135,73,5,3423,0,0,0,Engineering;Learning,Low-grade Talisman Epsilon
66,1,22136,73,5,3423,0,0,0,Engineering;Learning,Low-grade Talisman Gamma
#,1,22137,,,,,0,0,Science,#Low-grade Talisman Omega
846,1,28808,1371,2,479,0,0,0,Science;Learning,Low-grade Virtue Alpha
846,1,28809,1371,2,479,0,0,0,Science;Learning,Low-grade Virtue Beta
846,1,28810,1371,2,479,0,0,0,Science;Learning,Low-grade Virtue Delta
846,1,28811,1371,2,479,0,0,0,Science;Learning,Low-grade Virtue Epsilon
846,1,28812,1371,2,479,0,0,0,Science;Learning,Low-grade Virtue Gamma
#,1,28813,,,,,0,0,Science,#Low-grade Virtue Omega
#,1,,,,,,0,0,Learning,#Memory Augmentation - Advanced
#,1,,,,,,0,0,Learning,#Memory Augmentation - Basic
#,1,,,,,,0,0,Learning,#Memory Augmentation - Elite
#,1,,,,,,0,0,Learning,#Memory Augmentation - Improved
#,1,,,,,,0,0,Learning,#Memory Augmentation - Standard
434,1,20700,77,4,1039;464;1040,0,0,0,Industry,Michi's Excavation Augmentor
434,1,22559,77,2,54;464;483,0,0,1,Industry,Mining Foreman Mindlink
884,1,22559,833,1,22553;22555;22557;4274;4276;4278,0,0,0,Gang,Mining Foreman Mindlink
#,1,,,,,,0,0,Learning,#Neural Boost - Advanced
#,1,,,,,,0,0,Learning,#Neural Boost - Basic
#,1,,,,,,0,0,Learning,#Neural Boost - Elite
#,1,,,,,,0,0,Learning,#Neural Boost - Improved
#,1,,,,,,0,0,Learning,#Neural Boost - Standard
312,1,20358,73,4,1049;1050;1051;1053;1054;1055,0,0,0,Armor;Hull,Numon Family Heirloom
#,1,,,,,,0,0,Learning,#Ocular Filter - Advanced
#,1,,,,,,0,0,Learning,#Ocular Filter - Basic
#,1,,,,,,0,0,Learning,#Ocular Filter - Elite
#,1,,,,,,0,0,Learning,#Ocular Filter - Improved
#,1,,,,,,0,0,Learning,#Ocular Filter - Standard
767,1,20443,160,2,53;55;74,0,0,0,Gunnery,Ogdin's Eye Coordination Enhancer
441,1,25868,10011;10012;10013,2,53;55;74,0,0,0,Gunnery,Pashan's Turret Customization Mindlink
292,1,25867,10014,4,569,0,0,0,Gunnery,Pashan's Turret Handling Mindlink
1084,1,22715,37,3,6,0,0,0,Navigation,Republic Special Ops Field Enhancer - Gamma
337,1,32255,263,3,6,0,0,0,Shield,Sansha Modified 'Gnome' Implant
337,1,32255,72,2,38,0,0,0,Shield,Sansha Modified 'Gnome' Implant
338,1,32255,479,3,6,0,0,0,Shield,Sansha Modified 'Gnome' Implant
1076,1,24669,37,3,6,0,0,0,Navigation,Shaqil's Speed Enhancer
337,1,21888,263,3,6,0,0,1,Shield,Siege Warfare Mindlink
884,1,21888,833,1,20124;22228;20514;4280;4282;4284,0,0,0,Gang,Siege Warfare Mindlink
151,1,21890,70,3,6,0,0,1,Navigation,Skirmish Warfare Mindlink
884,1,21890,833,1,20070;11017;20408;4286;4288;4290,0,0,0,Gang,Skirmish Warfare Mindlink
335,1,20499,265,3,6,0,0,0,Armor;Learning,Slave Alpha
335,1,20499,1159,2,329,0,0,0,Armor;Learning,Slave Alpha
335,1,20501,265,3,6,0,0,0,Armor;Learning,Slave Beta
335,1,20501,1159,2,329,0,0,0,Armor;Learning,Slave Beta
335,1,20503,265,3,6,0,0,0,Armor;Learning,Slave Delta
335,1,20503,1159,2,329,0,0,0,Armor;Learning,Slave Delta
335,1,20505,265,3,6,0,0,0,Armor;Learning,Slave Epsilon
335,1,20505,1159,2,329,0,0,0,Armor;Learning,Slave Epsilon
335,1,20507,265,3,6,0,0,0,Armor;Learning,Slave Gamma
335,1,20507,1159,2,329,0,0,0,Armor;Learning,Slave Gamma
#,1,20509,,,,,0,0,Science,#Slave Omega
315,1,19540,37,3,6,0,0,0,Navigation;Learning,Snake Alpha
315,1,19551,37,3,6,0,0,0,Navigation;Learning,Snake Beta
315,1,19554,37,3,6,0,0,0,Navigation;Learning,Snake Delta
315,1,19555,37,3,6,0,0,0,Navigation;Learning,Snake Epsilon
315,1,19553,37,3,6,0,0,0,Navigation;Learning,Snake Gamma
#,1,19556,,,,,0,0,Science,#Snake Omega
#,1,,,,,,0,0,Learning,#Social Adaptation Chip - Advanced
#,1,,,,,,0,0,Learning,#Social Adaptation Chip - Basic
#,1,,,,,,0,0,Learning,#Social Adaptation Chip - Improved
#,1,,,,,,0,0,Learning,#Social Adaptation Chip - Standard
1029,1,31968,210,3,6,0,0,0,Electronics;Learning,Spur Alpha
1029,1,31969,210,3,6,0,0,0,Electronics;Learning,Spur Beta
1029,1,31970,210,3,6,0,0,0,Electronics;Learning,Spur Delta
1029,1,31971,210,3,6,0,0,0,Electronics;Learning,Spur Epsilon
1029,1,31972,210,3,6,0,0,0,Electronics;Learning,Spur Gamma
66,1,19534,73,5,3423,0,0,0,Engineering;Learning,Talisman Alpha
66,1,19535,73,5,3423,0,0,0,Engineering;Learning,Talisman Beta
66,1,19537,73,5,3423,0,0,0,Engineering;Learning,Talisman Delta
66,1,19538,73,5,3423,0,0,0,Engineering;Learning,Talisman Epsilon
66,1,19536,73,5,3423,0,0,0,Engineering;Learning,Talisman Gamma
#,1,19539,,,,,0,0,Science,#Talisman Omega
1027,1,31962,211,3,6,0,0,0,Electronics;Learning,Talon Alpha
1027,1,31963,211,3,6,0,0,0,Electronics;Learning,Talon Beta
1027,1,31964,211,3,6,0,0,0,Electronics;Learning,Talon Delta
1027,1,31965,211,3,6,0,0,0,Electronics;Learning,Talon Epsilon
1027,1,31966,211,3,6,0,0,0,Electronics;Learning,Talon Gamma
293,1,20371,51,2,511;862;524;506;510;771;507;508;501;509,0,0,0,Missiles,Whelan Machorin's Ballistic Smartlink
318,1,24663,20,2,46,0,0,0,Navigation,Zor's Custom Navigation Hyper-Link
66,1,19500,73,4,542,0,0,0,Navigation,Zor's Custom Navigation Link
