#HQF Ship Bonus Mapping Table,,,,,,,,,,,
#Ship ID,Affecting Type,Affecting ID,Affected Attribute,Affected Type,Affected ID,Stack Nerf,Per Level,Calc Type,Value,Status,Description
# Abaddon,,,,,,,,,,,
24692,1,3339,10014,4,569;573,0,1,0,5,15,Large Energy Turret Damage
24692,1,3339,267,1,24692,0,1,2,-5,15,Armor EM Resistance
24692,1,3339,268,1,24692,0,1,2,-5,15,Armor Explosive Resistance
24692,1,3339,269,1,24692,0,1,2,-5,15,Armor Kinetic Resistance
24692,1,3339,270,1,24692,0,1,2,-5,15,Armor Thermal Resistance
# Absolution,,,,,,,,,,,
22448,1,12099,6,4,568;572,0,1,0,-10,15,Medium Energy Turret Cap Use
22448,1,12099,267,1,22448,0,1,2,-5,15,Armor EM Resistance
22448,1,12099,268,1,22448,0,1,2,-5,15,Armor Explosive Resistance
22448,1,12099,269,1,22448,0,1,2,-5,15,Armor Kinetic Resistance
22448,1,12099,270,1,22448,0,1,2,-5,15,Armor Thermal Resistance
22448,1,23950,10014,4,568;572,0,1,0,5,15,Medium Energy Turret Damage
22448,1,23950,10011,4,568;572,0,1,0,-5,15,Medium Energy Turret ROF
22448,0,0,50,1,20069;20409;22227;20406;20405;11052;22553;22557;22555;20124;22228;20514;20070;11017;20408,0,0,0,-99,15,Warfare Link Module CPU Use
# Aeon,,,,,,,,,,,
23919,1,24311,91,4,910,0,1,0,50,15,Capital Energy Transfer Range
23919,1,24311,54,4,1056,0,1,0,50,15,Capital Armor Transfer Range
23919,1,24311,267,1,23919,0,1,2,-5,15,Armor EM Resistance
23919,1,24311,268,1,23919,0,1,2,-5,15,Armor Explosive Resistance
23919,1,24311,269,1,23919,0,1,2,-5,15,Armor Kinetic Resistance
23919,1,24311,270,1,23919,0,1,2,-5,15,Armor Thermal Resistance
23919,0,0,50,1,20069;20409;22227;20406;20405;11052;22553;22557;22555;20124;22228;20514;20070;11017;20408,0,0,0,-99,15,Warfare Link Module CPU Use
23919,1,24311,10005,1,23919,0,1,1,3,15,Fighter Control Bonus
23919,1,24311,10063,1,23919,0,1,1,1,15,Warfare Link Bonus
23919,0,0,10007,1,23919,0,0,0,200,15,Fighter Control Range 
23919,0,0,50,1,24283,0,0,0,-99,15,Drone Control Unit CPU
# Anathema,,,,,,,,,,,
11188,1,3331,114,2,387;648,0,1,0,5,15,Rocket Damage - EM
11188,1,3331,116,2,387;648,0,1,0,5,15,Rocket Damage - Exp
11188,1,3331,117,2,387;648,0,1,0,5,15,Rocket Damage - Kin
11188,1,3331,118,2,387;648,0,1,0,5,15,Rocket Damage - Therm
11188,1,3331,55,1,11188,0,1,0,-5,15,Capacitor Recharge Rate
11188,0,0,50,2,330,0,0,0,-97.5,15,Cloaking Device CPU
11188,1,12093,50,2,330,0,1,0,-20,15,Cloaking Device CPU
11188,1,12093,1371,2,479,0,1,0,10,15,Probe Scan Strength Bonus
# Anshar,,,,,,,,,,,
28848,1,20527,10004,1,28848,0,1,0,5,15,Cargo Capacity
28848,1,20527,70,1,28848,0,1,0,-5,15,Agility
28848,1,29029,263,1,28848,0,1,0,10,15,Shield HP
28848,1,29029,265,1,28848,0,1,0,10,15,Armor HP
28848,1,29029,9,1,28848,0,1,0,10,15,Hull HP
28848,1,29029,868,1,28848,0,1,0,-10,15,Jump Fuel Need
# Apocalypse,,,,,,,,,,,
642,1,3339,6,4,569;573,0,1,0,-10,15,Large Energy Turret Cap Use
642,1,3339,54,4,569;573,0,1,0,7.5,15,Large Energy Turret Optimal Range
# Apocalypse Imperial Issue,,,,,,,,,,,
11936,1,3339,6,4,569;573,0,1,0,-10,15,Large Energy Turret Cap Use
11936,1,3339,54,4,569;573,0,1,0,7.5,15,Large Energy Turret Optimal Range
# Apocalypse Navy Issue,,,,,,,,,,,
17726,1,3339,6,4,569;573,0,1,0,-10,15,Large Energy Turret Cap Use
17726,1,3339,54,4,569;573,0,1,0,7.5,15,Large Energy Turret Optimal Range
# Arazu,,,,,,,,,,,
11969,1,3332,10015,4,562;565,0,1,0,5,15,Medium Hybrid Turret Damage
11969,1,3332,309,2,208,0,1,0,5,15,Remote Sensor Damp Range
11969,1,3332,566,2,208,0,1,0,5,15,Remote Sensor Damp Res
11969,1,22761,54,2,52,0,1,0,20,15,Warp Scrambler Range
11969,0,0,50,2,330,0,0,0,-95,15,Cloaking Device CPU
11969,1,22761,50,2,330,0,1,0,-20,15,Cloaking Device CPU
11969,0,0,714,2,658,0,0,0,-80,15,Cyno Field Fuel
11969,0,0,73,2,658,0,0,0,-50,15,Cyno Field Duration
# Arbitrator,,,,,,,,,,,
628,1,3335,351,2,291,0,1,0,5,15,Tracking Disruptor Range
628,1,3335,767,2,291,0,1,0,5,15,Tracking Disruptor Tracking
628,1,3335,263,3,18,0,1,0,10,15,Drone Shield HP
628,1,3335,265,3,18,0,1,0,10,15,Drone Armor HP
628,1,3335,9,3,18,0,1,0,10,15,Drone Hull HP
628,1,3335,64,3,18,0,1,0,10,15,Drone Damage
628,1,3335,77,3,18,0,1,0,10,15,Drone Mining Yield
# Archon,,,,,,,,,,,
23757,1,24311,91,4,910,0,1,0,50,15,Capital Energy Transfer Range
23757,1,24311,54,4,1056,0,1,0,50,15,Capital Armor Transfer Range
23757,1,24311,267,1,23757,0,1,2,-5,15,Armor EM Resistance
23757,1,24311,268,1,23757,0,1,2,-5,15,Armor Explosive Resistance
23757,1,24311,269,1,23757,0,1,2,-5,15,Armor Kinetic Resistance
23757,1,24311,270,1,23757,0,1,2,-5,15,Armor Thermal Resistance
23757,0,0,50,1,20069;20409;22227;20406;20405;11052;22553;22557;22555;20124;22228;20514;20070;11017;20408,0,0,0,-99,15,Warfare Link Module CPU Use
23757,1,24311,10005,1,23757,0,1,1,1,15,Fighter Control Bonus
23757,0,0,10007,1,23757,0,0,0,200,15,Fighter Control Range 
23757,0,0,50,1,24283,0,0,0,-99,15,Drone Control Unit CPU
# Ares,,,,,,,,,,,
11202,1,3328,10015,4,561;564,0,1,0,5,15,Small Hybrid Damage
11202,1,3328,160,4,561;564,0,1,0,7.5,15,Small Hybrid Tracking Speed
11202,1,12092,554,2,46,0,1,0,-15,15,MWD Signature Radius Penalty
11202,1,12092,54,2,52,0,1,0,5,15,Warp Scrambler Range
11202,0,0,6,2,52;65,0,0,0,-80,15,Propulsion Jamming Cap Use
# Ark,,,,,,,,,,,
28850,1,20524,10004,1,28850,0,1,0,5,15,Cargo Capacity
28850,1,20524,70,1,28850,0,1,0,-5,15,Agility
28850,1,29029,263,1,28850,0,1,0,10,15,Shield HP
28850,1,29029,265,1,28850,0,1,0,10,15,Armor HP
28850,1,29029,9,1,28850,0,1,0,10,15,Hull HP
28850,1,29029,868,1,28850,0,1,0,-10,15,Jump Fuel Need
# Armageddon,,,,,,,,,,,
643,1,3339,6,4,569;573,0,1,0,-10,15,Large Energy Turret Cap Use
643,1,3339,10011,4,569;573,0,1,0,-5,15,Large Energy Turret ROF
# Armageddon Imperial Issue,,,,,,,,,,,
11938,1,3339,6,4,569;573,0,1,0,-10,15,Large Energy Turret Cap Use
11938,1,3339,10011,4,569;573,0,1,0,-5,15,Large Energy Turret ROF
# Armageddon Navy Issue,,,,,,,,,,,
32305,1,3339,6,4,569;573,0,1,0,-10,15,Large Energy Turret Cap Use
32305,1,3339,10011,4,569;573,0,1,0,-5,15,Large Energy Turret ROF
# Ashimmu,,,,,,,,,,,
17922,0,0,10014,4,568;572,0,0,0,100,15,Medium Energy Turret Damage
17922,1,3335,90,2,68,0,1,0,15,15,Nos Drain Amount
17922,1,3335,97,2,71,0,1,0,15,15,Neut Drain Amount
17922,1,3333,20,2,65,0,1,0,10,15,Stasis Web Strength
# Astarte,,,,,,,,,,,
22466,1,12099,10015,4,562;565,0,1,0,5,15,Medium Hybrid Turret Damage
22466,1,12099,84,2,62,0,1,0,7.5,15,Armor Repair Amount
22466,1,23950,10015,4,562;565,0,1,0,5,15,Medium Hybrid Turret Damage
22466,1,23950,158,4,562;565,0,1,0,5,15,Medium Hybrid Turret Falloff
22466,0,0,50,1,20069;20409;22227;20406;20405;11052;22553;22557;22555;20124;22228;20514;20070;11017;20408,0,0,0,-99,15,Warfare Link Module CPU Use
# Augoror,,,,,,,,,,,
625,1,3335,265,1,625,0,1,0,10,15,Armor HP
625,1,3335,6,2,67,0,1,0,-10,15,Energy Transfer Cap Use
625,0,0,91,2,67,0,0,0,500,15,Energy Transfer Range
# Augoror Navy Issue,,,,,,,,,,,
17709,1,3335,6,4,568;572,0,1,0,-10,15,Medium Energy Turret Cap Use
17709,1,3335,265,1,17709,0,1,0,10,15,Armor HP
# Avatar,,,,,,,,,,,
11567,1,3347,10014,4,773;774,0,1,0,100,15,Capital Energy Turret Damage
11567,1,3347,55,3,6,0,1,0,-7.5,16,Gang Capacitor Recharge
11567,0,0,50,1,20069;20409;22227;20406;20405;11052;22553;22557;22555;20124;22228;20514;20070;11017;20408,0,0,0,-99,15,Warfare Link Module CPU Use
11567,1,3347,10063,1,11567,0,1,1,1,15,Warfare Link Bonus
# Badger,,,,,,,,,,,
648,1,3342,10004,1,648,0,1,0,5,15,Cargo Capacity
648,1,3342,37,1,648,0,1,0,5,15,Max Velocity
# Badger Mark II,,,,,,,,,,,
649,1,3342,10004,1,649,0,1,0,5,15,Cargo Capacity
649,1,3342,37,1,649,0,1,0,5,15,Max Velocity
# Bantam,,,,,,,,,,,
582,1,3330,10004,1,582,0,1,0,5,15,Cargo Capacity
582,1,3330,77,2,54,0,1,0,20,15,Mining Laser Yield
582,0,0,6,2,54,0,0,0,-60,15,Mining Laser Cap Use
# Basilisk,,,,,,,,,,,
11985,1,3334,87,2,41,0,1,0,150,15,Shield Transporter Range
11985,1,3334,91,2,67,0,1,0,150,15,Energy Transfer Range
11985,1,3334,68,4,842,0,1,0,20,15,Shield Maintenance Bot Transfer
11985,1,12096,6,2,41,0,1,0,-15,15,Shield Transporter Cap Use
11985,1,12096,6,2,67,0,1,0,-15,15,Energy Transfer Cap Use
11985,0,0,50,2,41,0,0,0,-50,15,Shield Transporter CPU
11985,0,0,30,2,67,0,0,0,-50,15,Energy Transfer PG
# Bellicose,,,,,,,,,,,
630,1,3333,10013,4,575;578,0,1,0,-5,15,Medium Projectile Turret ROF
630,1,3333,554,2,379,0,1,0,7.5,15,Target Painter Sig Radius
# Bestower,,,,,,,,,,,
1944,1,3343,10004,1,1944,0,1,0,5,15,Cargo Capacity
1944,1,3343,37,1,1944,0,1,0,5,15,Max Velocity
# Bhaalgorn,,,,,,,,,,,
17920,0,0,10014,4,569;573,0,0,0,100,15,Large Energy Turret Damage
17920,1,3339,90,2,68,0,1,0,15,15,Nos Drain Amount
17920,1,3339,97,2,71,0,1,0,15,15,Neut Drain Amount
17920,1,3337,54,2,65,0,1,0,20,15,Stasis Web Range
# Blackbird,,,,,,,,,,,
632,1,3334,238,2,201,0,1,0,15,15,ECM Jam Strength
632,1,3334,239,2,201,0,1,0,15,15,ECM Jam Strength
632,1,3334,240,2,201,0,1,0,15,15,ECM Jam Strength
632,1,3334,241,2,201,0,1,0,15,15,ECM Jam Strength
632,1,3334,54,2,201,0,1,0,10,15,ECM Optimal Range
632,1,3334,158,2,201,0,1,0,10,15,ECM Falloff
# Breacher,,,,,,,,,,,
598,1,3329,114,2,654;656;655;653;648;657;772;386;385;384;387;89;476;88;914,0,1,0,5,15,EM Missile Damage
598,1,3329,116,2,654;656;655;653;648;657;772;386;385;384;387;89;476;88;914,0,1,0,10,15,Exp Missile Damage
598,1,3329,117,2,654;656;655;653;648;657;772;386;385;384;387;89;476;88;914,0,1,0,5,15,Kin Missile Damage
598,1,3329,118,2,654;656;655;653;648;657;772;386;385;384;387;89;476;88;914,0,1,0,5,15,Therm Missile Damage
# Broadsword,,,,,,,,,,,
12013,1,3333,10013,4,575;578,0,1,0,-5,15,Medium Projectile Turret ROF
12013,1,3333,271,1,12013,0,1,2,-5,15,EM Shield Resist
12013,1,3333,272,1,12013,0,1,2,-5,15,Exp Shield Resist
12013,1,3333,273,1,12013,0,1,2,-5,15,Kin Shield Resist
12013,1,3333,274,1,12013,0,1,2,-5,15,Therm Shield Resist
12013,1,28609,158,4,575;578,0,1,0,10,15,Medium Projectile Turret Falloff
12013,1,28609,103,2,899,0,1,0,5,15,Warp Disruption Field Range
# Brutix,,,,,,,,,,,
16229,1,12099,10015,4,562;565,0,1,0,5,15,Medium Hybrid Turret Damage
16229,1,12099,84,2,62,0,1,0,7.5,15,Armor Repair Amount
16229,0,0,50,1,20069;20409;22227;20406;20405;11052;22553;22557;22555;20124;22228;20514;20070;11017;20408,0,0,0,-99,15,Warfare Link Module CPU Use
# Burst,,,,,,,,,,,
599,1,3329,10004,1,599,0,1,0,5,15,Cargo Capacity
599,1,3329,77,2,54,0,1,0,20,15,Mining Laser Yield
599,0,0,6,2,54,0,0,0,-60,15,Mining Laser Cap Use
# Bustard,,,,,,,,,,,
12731,1,3342,10004,1,12731,0,1,0,5,15,Cargo Capacity
12731,1,3342,37,1,12731,0,1,0,5,15,Max Velocity
12731,1,19719,263,1,12731,0,1,0,5,15,Shield HP
12731,1,19719,68,2,40,0,1,0,5,15,Shield Booster Boost
# Buzzard,,,,,,,,,,,
11192,1,3330,117,2,654;656;655;653;648;657;772;386;385;384;387;89;476;88;914,0,1,0,5,15,Missile Kinetic Damage
11192,1,3330,51,2,511;862;524;506;510;771;507;508;501;509,0,1,0,-5,15,Missile ROF
11192,0,0,50,2,330,0,0,0,-97.5,15,Cloaking Device CPU
11192,1,12093,50,2,330,0,1,0,-20,15,Cloaking Device CPU
11192,1,12093,1371,2,479,0,1,0,10,15,Probe Scan Strength Bonus
# Caldari Navy Hookbill,,,,,,,,,,,
17619,1,3330,37,2,654;656;655;653;648;657;772;386;385;384;387;89;476;88;914,0,1,0,10,15,Missile Velocity
17619,1,3330,114,2,654;656;655;653;648;657;772;386;385;384;387;89;476;88;914,0,1,0,10,15,Missile EM Damage
17619,1,3330,116,2,654;656;655;653;648;657;772;386;385;384;387;89;476;88;914,0,1,0,10,15,Missile Explosive Damage
17619,1,3330,117,2,654;656;655;653;648;657;772;386;385;384;387;89;476;88;914,0,1,0,20,15,Missile Kinetic Damage
17619,1,3330,118,2,654;656;655;653;648;657;772;386;385;384;387;89;476;88;914,0,1,0,10,15,Missile Thermal Damage
# Caracal,,,,,,,,,,,
621,1,3334,117,2,654;656;655;653;648;657;772;386;385;384;387;89;476;88;914,0,1,0,5,15,Missile Kinetic Damage
621,1,3334,37,2,654;656;655;653;648;657;772;386;385;384;387;89;476;88;914,0,1,0,10,15,Missile Velocity
# Caracal Navy Issue,,,,,,,,,,,
17634,1,3334,117,2,654;656;655;653;648;657;772;386;385;384;387;89;476;88;914,0,1,0,5,15,Missile Kinetic Damage
17634,1,3334,37,2,654;656;655;653;648;657;772;386;385;384;387;89;476;88;914,0,1,0,10,15,Missile Velocity
# Catalyst,,,,,,,,,,,
16240,1,12097,160,4,561;564,0,1,0,10,15,Small Hybrid Turret Tracking
16240,1,12097,158,4,561;564,0,1,0,10,15,Small Hybrid Turret Falloff
16240,0,0,10011,2,53;55;74,0,0,0,25,15,Energy Turret ROF
16240,0,0,10012,2,53;55;74,0,0,0,25,15,Hybrid Turret ROF
16240,0,0,10013,2,53;55;74,0,0,0,25,15,Projectile Turret ROF
16240,0,0,54,4,561;564,0,0,0,50,15,Small Hybrid Turret Optimal Range
# Celestis,,,,,,,,,,,
633,1,3332,10015,4,562;565,0,1,0,5,15,Medium Hybrid Turret Damage
633,1,3332,309,2,208,0,1,0,5,15,Remote Sensor Damp Range
633,1,3332,566,2,208,0,1,0,5,15,Remote Sensor Damp Res
# Cerberus,,,,,,,,,,,
11993,1,3334,117,2,654;656;655;653;648;657;772;386;385;384;387;89;476;88;914,0,1,0,5,15,Kinetic Missile Damage
11993,1,3334,37,2,654;656;655;653;648;657;772;386;385;384;387;89;476;88;914,0,1,0,10,15,Missile Velocity
11993,1,16591,281,2,653;384;655;385;654;772,0,1,0,10,15,"Light, Heavy, Assualt Missile Flight Time"
11993,1,16591,51,2,511;862;524;506;510;771;507;508;501;509,0,1,0,-5,15,Missile ROF
# Charon,,,,,,,,,,,
20185,1,20526,10004,1,20185,0,1,0,5,15,Cargo Capacity
20185,1,20526,37,1,20185,0,1,0,5,15,Max Velocity
# Cheetah,,,,,,,,,,,
11182,1,3329,10016,4,574;577,0,1,0,5,15,Small Projectile Turret Damage
11182,1,3329,54,4,574;577,0,1,0,10,15,Small Projectile Turret Optimal Range
11182,0,0,50,2,330,0,0,0,-97.5,15,Cloaking Device CPU
11182,1,12093,50,2,330,0,1,0,-20,15,Cloaking Device CPU
11182,1,12093,1371,2,479,0,1,0,10,15,Probe Scan Strength Bonus
# Chimera,,,,,,,,,,,
23915,1,24312,91,4,910,0,1,0,50,15,Capital Energy Transfer Range
23915,1,24312,87,4,600,0,1,0,50,15,Capital Shield Transfer Range
23915,1,24312,271,1,23915,0,1,2,-5,15,Shield EM Resistance
23915,1,24312,272,1,23915,0,1,2,-5,15,Shield Explosive Resistance
23915,1,24312,273,1,23915,0,1,2,-5,15,Shield Kinetic Resistance
23915,1,24312,274,1,23915,0,1,2,-5,15,Shield Thermal Resistance
23915,0,0,50,1,20069;20409;22227;20406;20405;11052;22553;22557;22555;20124;22228;20514;20070;11017;20408,0,0,0,-99,15,Warfare Link Module CPU Use
23915,1,24312,10005,1,23915,0,1,1,1,15,Fighter Control Bonus
23915,0,0,10007,1,23915,0,0,0,200,15,Fighter Control Range 
23915,0,0,50,1,24283,0,0,0,-99,15,Drone Control Unit CPU
# Claw,,,,,,,,,,,
11196,1,3329,10016,4,574;577,0,1,0,5,15,Small Projectile Turret Damage
11196,1,12092,554,2,46,0,1,0,-15,15,MWD Signature Radius Penalty
11196,1,12092,160,4,574;577,0,1,0,7.5,15,Small Projectile Turret Tracking
11196,0,0,6,2,52;65,0,0,0,-80,15,Propulsion Jamming Cap Use
# Claymore,,,,,,,,,,,
22468,1,12099,10013,4,575;578,0,1,0,-5,15,Medium Projectile Turret ROF
22468,1,12099,68,2,40,0,1,0,7.5,15,Shield Booster Boost
22468,1,23950,160,4,575;578,0,1,0,7.5,15,Medium Projectile Turret Tracking
22468,1,23950,833,1,20070;11017;20408,0,1,0,3,15,Skirmish Warfare Link Bonus
22468,0,0,50,1,20069;20409;22227;20406;20405;11052;22553;22557;22555;20124;22228;20514;20070;11017;20408,0,0,0,-99,15,Warfare Link Module CPU Use
22468,0,0,10063,1,22468,0,0,1,2,15,Warfare Link Use
# Coercer,,,,,,,,,,,
16236,1,12097,160,4,567;570,0,1,0,10,15,Small Energy Turret Tracking
16236,1,12097,6,4,567;570,0,1,0,-10,15,Small Energy Turret Capacitor
16236,0,0,10011,2,53;55;74,0,0,0,25,15,Energy Turret ROF
16236,0,0,10012,2,53;55;74,0,0,0,25,15,Hybrid Turret ROF
16236,0,0,10013,2,53;55;74,0,0,0,25,15,Projectile Turret ROF
16236,0,0,54,4,567;570,0,0,0,50,15,Small Energy Turret Optimal Range
# Condor,,,,,,,,,,,
583,1,3330,117,2,387;648,0,1,0,5,15,Rocket Damage - Kin
583,1,3330,117,2,384;653,0,1,0,5,15,Light Missile Damage - Kin
583,1,3330,37,2,387;648;384;653,0,1,0,10,15,"Rocket, Light Missile Velocity"
# Cormorant,,,,,,,,,,,
16238,1,12097,160,4,561;564,0,1,0,10,15,Small Hybrid Turret Tracking
16238,1,12097,54,4,561;564,0,1,0,10,15,Small Hybrid Turret Optimal Range
16238,0,0,10011,2,53;55;74,0,0,0,25,15,Energy Turret ROF
16238,0,0,10012,2,53;55;74,0,0,0,25,15,Hybrid Turret ROF
16238,0,0,10013,2,53;55;74,0,0,0,25,15,Projectile Turret ROF
16238,0,0,54,4,561;564,0,0,0,50,15,Small Hybrid Turret Optimal Range
# Covetor,,,,,,,,,,,
17476,1,17940,77,4,1040,0,1,0,3,15,Strip Miner Mining Yield
# Crane,,,,,,,,,,,
12729,1,3342,10004,1,12729,0,1,0,5,15,Cargo Capacity
12729,1,3342,37,1,12729,0,1,0,5,15,Max Velocity
12729,0,0,50,2,330,0,0,0,-98.5,15,Cloaking Device CPU
12729,1,19719,50,2,330,0,1,0,-10,15,Cloaking Device CPU
12729,1,19719,68,2,40,0,1,0,5,15,Shield Booster Boost
# Crow,,,,,,,,,,,
11176,1,3330,117,2,654;656;655;653;648;657;772;386;385;384;387;89;476;88;914,0,1,0,10,15,Kinetic Missile Damage
11176,1,12092,554,2,46,0,1,0,-15,15,MWD Signature Radius Penalty
11176,1,12092,37,2,654;656;655;653;648;657;772;386;385;384;387;89;476;88;914,0,1,0,10,15,Missile Velocity
11176,0,0,6,2,52;65,0,0,0,-80,15,Propulsion Jamming Cap Use
# Crucifier,,,,,,,,,,,
2161,1,3331,6,4,567;570,0,1,0,-10,15,Small Energy Turret Capacitor
2161,1,3331,351,2,291,0,1,0,5,15,Tracking Disruptor Range
2161,1,3331,767,2,291,0,1,0,5,15,Tracking Disruptor Tracking
# Cruor,,,,,,,,,,,
17926,0,0,10014,4,567;570,0,0,0,100,15,Small Energy Turret Damage
17926,1,3331,90,2,68,0,1,0,15,15,Nos Drain Amount
17926,1,3331,97,2,71,0,1,0,15,15,Neut Drain Amount
17926,1,3329,20,2,65,0,1,0,10,15,Stasis Web Strength
# Crusader,,,,,,,,,,,
11184,1,3331,6,4,567;570,0,1,0,-10,15,Small Energy Turret Capacitor
11184,1,3331,10014,4,567;570,0,1,0,5,15,Small Energy Turret Damage
11184,1,12092,554,2,46,0,1,0,-15,15,MWD Signature Radius Penalty
11184,1,12092,160,4,567;570,0,1,0,7.5,15,Small Energy Turret Tracking
11184,0,0,6,2,52;65,0,0,0,-80,15,Propulsion Jamming Cap Use
# Curse,,,,,,,,,,,
20125,1,3335,351,2,291,0,1,0,5,15,Tracking Disruptor Range
20125,1,3335,767,2,291,0,1,0,5,15,Tracking Disruptor Tracking
20125,1,3335,263,3,18,0,1,0,10,15,Drone Shield HP
20125,1,3335,265,3,18,0,1,0,10,15,Drone Armor HP
20125,1,3335,9,3,18,0,1,0,10,15,Drone Hull HP
20125,1,3335,64,3,18,0,1,0,10,15,Drone Damage
20125,1,22761,90,2,68,0,1,0,20,15,Nos Drain Amount
20125,1,22761,97,2,71,0,1,0,20,15,Neut Drain Amount
20125,1,22761,91,2,68,0,1,0,40,15,Nos Drain Range
20125,1,22761,98,2,71,0,1,0,40,15,Neut Drain Range
# Cyclone,,,,,,,,,,,
16231,1,12099,10013,4,575;578,0,1,0,-5,15,Medium Projectile Turret ROF
16231,1,12099,68,2,40,0,1,0,7.5,15,Shield Booster Boost
16231,0,0,50,1,20069;20409;22227;20406;20405;11052;22553;22557;22555;20124;22228;20514;20070;11017;20408,0,0,0,-99,15,Warfare Link Module CPU Use
# Cynabal,,,,,,,,,,,
17720,0,0,10013,4,575;578,0,0,0,-25,15,Medium Projectile Turret ROF
17720,1,3333,10016,4,575;578,0,1,0,10,15,Medium Projectile Turret Damage
17720,1,3332,158,4,575;578,0,1,0,10,15,Medium Projectile Turret Falloff
# Damnation,,,,,,,,,,,
22474,1,12099,37,2,385;655;772;654,0,1,0,10,15,"Heavy, Assault Missile Velocity"
22474,1,12099,267,1,22474,0,1,2,-5,15,Armor EM Resistance
22474,1,12099,268,1,22474,0,1,2,-5,15,Armor Explosive Resistance
22474,1,12099,269,1,22474,0,1,2,-5,15,Armor Kinetic Resistance
22474,1,12099,270,1,22474,0,1,2,-5,15,Armor Thermal Resistance
22474,1,23950,265,1,22474,0,1,0,10,15,Armor HP
22474,1,23950,1159,2,329,0,1,0,10,15,Armor HP - Plates
22474,1,23950,833,1,20069;20409;22227,0,1,0,3,15,Skirmish Warfare Link Bonus
22474,0,0,50,1,20069;20409;22227;20406;20405;11052;22553;22557;22555;20124;22228;20514;20070;11017;20408,0,0,0,-99,15,Warfare Link Module CPU Use
22474,0,0,10063,1,22474,0,0,1,2,15,Warfare Link Use
# Daredevil,,,,,,,,,,,
17928,0,0,10015,4,561;564,0,0,0,200,15,Small Hybrid Turret Damage
17928,1,3328,158,4,561;564,0,1,0,10,15,Small Hybrid Turret Falloff
17928,1,3329,20,2,65,0,1,0,10,15,Stasis Web Strength
# Deimos,,,,,,,,,,,
12023,1,3332,10015,4,562;565,0,1,0,5,15,Medium Hybrid Turret Damage
12023,1,3332,147,4,131,0,1,1,5,15,MWD Capacitor Penalty Bonus
12023,1,16591,158,4,562;565,0,1,0,10,15,Medium Hybrid Turret Falloff
12023,1,16591,10015,4,562;565,0,1,0,5,15,Medium Hybrid Turret Damage
# Devoter,,,,,,,,,,,
12017,1,3335,6,4,568;572,0,1,0,-10,15,Medium Energy Turret Cap Use
12017,1,3335,267,1,12017,0,1,2,-5,15,Armor EM Resistance
12017,1,3335,268,1,12017,0,1,2,-5,15,Armor Explosive Resistance
12017,1,3335,269,1,12017,0,1,2,-5,15,Armor Kinetic Resistance
12017,1,3335,270,1,12017,0,1,2,-5,15,Armor Thermal Resistance
12017,1,28609,10011,4,568;572,0,1,0,-10,15,Medium Energy Turret ROF
12017,1,28609,103,2,899,0,1,0,5,15,Warp Disruption Field Range
# Dominix,,,,,,,,,,,
645,1,3336,10015,4,563;566,0,1,0,5,15,Large Hybrid Turret Damage
645,1,3336,263,3,18,0,1,0,10,15,Drone Shield HP
645,1,3336,265,3,18,0,1,0,10,15,Drone Armor HP
645,1,3336,9,3,18,0,1,0,10,15,Drone Hull HP
645,1,3336,64,3,18,0,1,0,10,15,Drone Damage
# Dominix Navy Issue,,,,,,,,,,,
32307,1,3336,10015,4,563;566,0,1,0,5,15,Large Hybrid Turret Damage
32307,1,3336,263,3,18,0,1,0,10,15,Drone Shield HP
32307,1,3336,265,3,18,0,1,0,10,15,Drone Armor HP
32307,1,3336,9,3,18,0,1,0,10,15,Drone Hull HP
32307,1,3336,64,3,18,0,1,0,10,15,Drone Damage
# Drake,,,,,,,,,,,
24698,1,12099,117,2,385;655;772;654,0,1,0,5,15,"Heavy, Assault Missile Damage"
24698,1,12099,271,1,24698,0,1,2,-5,15,Shield EM Resistance
24698,1,12099,272,1,24698,0,1,2,-5,15,Shield Explosive Resistance
24698,1,12099,273,1,24698,0,1,2,-5,15,Shield Kinetic Resistance
24698,1,12099,274,1,24698,0,1,2,-5,15,Shield Thermal Resistance
24698,0,12099,50,1,20069;20409;22227;20406;20405;11052;22553;22557;22555;20124;22228;20514;20070;11017;20408,0,0,0,-99,15,Warfare Link Module CPU Use
# Dramiel,,,,,,,,,,,
17932,0,0,10016,4,574;577,0,0,0,100,15,Small Projectile Turret Damage
17932,1,3329,158,4,574;577,0,1,0,10,15,Small Projectile Turret Falloff
17932,1,3328,160,4,574;577,0,1,0,7.5,15,Small Projectile Turret Tracking
# Eagle,,,,,,,,,,,
12011,1,3334,54,4,562;565,0,1,0,10,15,Medium Hybrid Turret Range
12011,1,3334,271,1,12011,0,1,2,-5,15,Shield EM Resistance
12011,1,3334,272,1,12011,0,1,2,-5,15,Shield Explosive Resistance
12011,1,3334,273,1,12011,0,1,2,-5,15,Shield Kinetic Resistance
12011,1,3334,274,1,12011,0,1,2,-5,15,Shield Thermal Resistance
12011,1,16591,54,4,562;565,0,1,0,10,15,Medium Hybrid Turret Range
12011,1,16591,10015,4,562;565,0,1,0,5,15,Medium Hybrid Turret Damage
# Enyo,,,,,,,,,,,
12044,1,3328,10015,4,564;561,0,1,0,5,15,Small Hybrid Turret Damage
12044,1,12095,54,4,564;561,0,1,0,10,15,Small Hybrid Turret Range
12044,1,12095,160,4,564;561,0,1,0,7.5,15,Small Hybrid Turret Tracking
# Eos,,,,,,,,,,,
22442,1,12099,10015,4,562;565,0,1,0,5,15,Medium Hybrid Turret Damage
22442,1,12099,84,2,62,0,1,0,7.5,15,Armor Repair Amount
22442,1,23950,283,1,22442,0,1,1,15,15,Drone Bay Capacity
22442,1,23950,833,1,20406;20405;11052,0,1,0,3,15,Information Warfare Link Bonus
22442,1,23950,1310,1,20406;20405;11052,0,1,0,3,15,Information Warfare Link Bonus
22442,1,23950,1320,1,20406;20405;11052,0,1,0,3,15,Information Warfare Link Bonus
22442,1,23950,1321,1,20406;20405;11052,0,1,0,3,15,Information Warfare Link Bonus
22442,1,23950,1322,1,20406;20405;11052,0,1,0,3,15,Information Warfare Link Bonus
22442,1,23950,1323,1,20406;20405;11052,0,1,0,3,15,Information Warfare Link Bonus
22442,0,0,50,1,20069;20409;22227;20406;20405;11052;22553;22557;22555;20124;22228;20514;20070;11017;20408,0,0,0,-99,15,Warfare Link Module CPU Use
22442,0,0,10063,1,22442,0,0,1,2,15,Warfare Link Use
# Erebus,,,,,,,,,,,
671,1,3344,10015,4,771;772,0,1,0,100,15,Capital Hybrid Turret Damage
671,1,3344,265,3,6,0,1,0,7.5,16,Gang Armor Amount
671,0,0,50,1,20069;20409;22227;20406;20405;11052;22553;22557;22555;20124;22228;20514;20070;11017;20408,0,0,0,-99,15,Warfare Link Module CPU Use
671,1,3344,10063,1,671,0,1,1,1,15,Warfare Link Bonus
# Eris,,,,,,,,,,,
22460,1,12097,160,4,561;564,0,1,0,10,15,Small Hybrid Turret Tracking
22460,1,12097,158,4,561;564,0,1,0,10,15,Small Hybrid Turret Falloff
22460,1,12098,118,2,387;648,0,1,0,5,15,Rocket Thermal Damage
22460,1,12098,118,2,384;653,0,1,0,5,15,Light Missile Thermal Damage
22460,1,12098,51,1,22782,0,1,0,-10,15,Sphere Launcher ROF
# Executioner,,,,,,,,,,,
589,1,3331,10014,4,567;570,0,1,0,5,15,Small Energy Turret Damage
589,1,3331,6,4,567;570,0,1,0,-10,15,Small Energy Turret Capacitor
# Exequror,,,,,,,,,,,
634,1,3332,10004,1,634,0,1,0,10,15,Cargo Capacity
634,1,3332,6,2,325,0,1,0,-10,15,Armor Transfer Capacitor
634,0,0,54,2,325,0,0,0,500,15,Armor Transfer Range
# Exequror Navy Issue,,,,,,,,,,,
29344,1,3332,10015,4,562;565,0,1,0,5,15,Medium Hybrid Turret Damage
29344,1,3332,10012,4,562;565,0,1,0,-5,15,Medium Hybrid Turret ROF
# Falcon,,,,,,,,,,,
11957,1,3334,6,2,201,0,1,0,-10,15,ECM Capacitor Use
11957,1,3334,10015,4,562;565,0,1,0,5,15,Medium Hybrid Turret Damage
11957,1,22761,238,2,201,0,1,0,30,15,ECM Jam Strength
11957,1,22761,239,2,201,0,1,0,30,15,ECM Jam Strength
11957,1,22761,240,2,201,0,1,0,30,15,ECM Jam Strength
11957,1,22761,241,2,201,0,1,0,30,15,ECM Jam Strength
11957,0,0,50,2,330,0,0,0,-95,15,Cloaking Device CPU
11957,1,22761,50,2,330,0,1,0,-20,15,Cloaking Device CPU
11957,0,0,714,2,658,0,0,0,-80,15,Cyno Field Fuel
11957,0,0,73,2,658,0,0,0,-50,15,Cyno Field Duration
# Federation Navy Comet,,,,,,,,,,,
17841,1,3328,160,4,564;561,0,1,0,7.5,15,Small Hybrid Turret Tracking
17841,1,3328,10015,4,564;561,0,1,0,20,15,Small Hybrid Turret Damage
# Fenrir,,,,,,,,,,,
20189,1,20528,10004,1,20189,0,1,0,5,15,Cargo Capacity
20189,1,20528,37,1,20189,0,1,0,5,15,Max Velocity
# Ferox,,,,,,,,,,,
16227,1,12099,54,4,562;565,0,1,0,10,15,Medium Hybrid Turret Damage
16227,1,12099,271,1,16227,0,1,2,-5,15,Shield EM Resistance
16227,1,12099,272,1,16227,0,1,2,-5,15,Shield Explosive Resistance
16227,1,12099,273,1,16227,0,1,2,-5,15,Shield Kinetic Resistance
16227,1,12099,274,1,16227,0,1,2,-5,15,Shield Thermal Resistance
16227,0,0,50,1,20069;20409;22227;20406;20405;11052;22553;22557;22555;20124;22228;20514;20070;11017;20408,0,0,0,-99,15,Warfare Link Module CPU Use
# Flycatcher,,,,,,,,,,,
22464,1,12097,37,2,384;387;648;653,0,1,0,10,15,"Rocket, Light Missile Velocity"
22464,1,12097,1353,2,384;653,0,1,0,-3,15,Light Missile Damage Reduction Factor
22464,1,12098,117,2,384;387;648;653,0,1,0,5,15,"Rocket, Light Missile Kinetic Damage"
22464,1,12098,51,1,22782,0,1,0,-10,15,Sphere Launcher ROF
# Gila,,,,,,,,,,,
17715,0,0,37,2,653;384;655;385;654;772,0,0,0,50,15,"Light, Heavy, Assualt Missile Velocity"
17715,1,3334,271,1,17715,0,1,2,-5,15,Shield EM Resistance
17715,1,3334,272,1,17715,0,1,2,-5,15,Shield Explosive Resistance
17715,1,3334,273,1,17715,0,1,2,-5,15,Shield Kinetic Resistance
17715,1,3334,274,1,17715,0,1,2,-5,15,Shield Thermal Resistance
17715,1,3332,263,3,18,0,1,0,10,15,Drone Shield HP
17715,1,3332,265,3,18,0,1,0,10,15,Drone Armor HP
17715,1,3332,9,3,18,0,1,0,10,15,Drone Hull HP
17715,1,3332,64,3,18,0,1,0,10,15,Drone Damage
# Gold Magnate,,,,,,,,,,,
11940,1,3331,6,4,567;570,0,1,0,-5,15,Small Energy Turret Capacitor
11940,1,3331,10014,4,567;570,0,1,0,5,15,Small Energy Turret Damage
# Golem,,,,,,,,,,,
28710,1,3338,37,2,656;657;386;89,0,1,0,10,15,Cruise & Torpedo Velocity
28710,1,3338,653,2,656;657;386;89,0,1,0,5,15,Cruise & Torpedo Explosion Velocity
28710,1,28667,68,2,40,0,1,0,7.5,15,Shield Booster Boost
28710,1,28667,554,2,379,0,1,0,7.5,15,Target Painter Sig Radius
28710,0,0,114,2,656;657;386;89,0,0,0,100,15,EM Cruise & Torpedo Damage
28710,0,0,116,2,656;657;386;89,0,0,0,100,15,Explosive Cruise & Torpedo Damage
28710,0,0,117,2,656;657;386;89,0,0,0,100,15,Kinetic Cruise & Torpedo Damage
28710,0,0,118,2,656;657;386;89,0,0,0,100,15,Thermal Cruise & Torpedo Damage
28710,0,0,1045,2,650,0,0,0,100,15,Tractor Beam Velocity
28710,0,0,54,2,650,0,0,0,100,15,Tractor Beam Range
# Griffin,,,,,,,,,,,
584,1,3330,238,2,201,0,1,0,15,15,ECM Jam Strength
584,1,3330,239,2,201,0,1,0,15,15,ECM Jam Strength
584,1,3330,240,2,201,0,1,0,15,15,ECM Jam Strength
584,1,3330,241,2,201,0,1,0,15,15,ECM Jam Strength
584,1,3330,6,2,201,0,1,0,-10,15,ECM Capacitor Need
# Guardian,,,,,,,,,,,
11987,1,3335,54,2,325,0,1,0,150,15,Remote Armor Repairer Range
11987,1,3335,91,2,67,0,1,0,150,15,Energy Transfer Range
11987,1,3335,84,4,842,0,1,0,20,15,Armor Maintenance Bot Transfer
11987,1,12096,6,2,325,0,1,0,-15,15,Remote Armor Repairer Cap Use
11987,1,12096,6,2,67,0,1,0,-15,15,Energy Transfer Cap Use
11987,0,0,30,2,325,0,0,0,-65,15,Remote Armor Repairer Power Need
11987,0,0,30,2,67,0,0,0,-50,15,Energy Transfer Power Need
# Guardian-Vexor,,,,,,,,,,,
11011,1,3332,10015,4,562;565,0,1,0,5,15,Medium Hybrid Turret Damage
11011,1,3332,10005,1,11011,0,1,1,1,15,Drone Control Bonus
# Harbinger,,,,,,,,,,,
24696,1,12099,6,4,568;572,0,1,0,-10,15,Medium Energy Turret Cap Use
24696,1,12099,10014,4,568;572,0,1,0,5,15,Medium Energy Turret Damage
24696,0,0,50,1,20069;20409;22227;20406;20405;11052;22553;22557;22555;20124;22228;20514;20070;11017;20408,0,0,0,-99,15,Warfare Link Module CPU Use
# Harpy,,,,,,,,,,,
11381,1,3330,54,4,561;564,0,1,0,10,15,Small Hybrid Turret Optimal Range
11381,1,12095,54,4,564;561,0,1,0,10,15,Small Hybrid Turret Range
11381,1,12095,10015,4,564;561,0,1,0,5,15,Small Hybrid Turret Damage
# Hawk,,,,,,,,,,,
11379,1,3330,117,2,654;656;655;653;648;657;772;386;385;384;387;89;476;88;914,0,1,0,5,15,Kinetic Missile Damage
11379,1,12095,68,2,40,0,1,0,7.5,15,Shield Booster Boost
11379,1,12095,37,2,654;656;655;653;648;657;772;386;385;384;387;89;476;88;914,0,1,0,10,15,Missile Velocity
# Hel,,,,,,,,,,,
22852,1,24314,54,4,1056,0,1,0,50,15,Capital Armor Transfer Range
22852,1,24314,87,4,600,0,1,0,50,15,Capital Shield Transporter Range
22852,1,24314,84,4,1056,0,1,0,5,15,Capital Armor Transfer Amount
22852,1,24314,68,4,600,0,1,0,5,15,Capital Shield Transporter Amount
22852,0,0,50,1,20069;20409;22227;20406;20405;11052;22553;22557;22555;20124;22228;20514;20070;11017;20408,0,0,0,-99,15,Warfare Link Module CPU Use
22852,1,24314,10005,1,22852,0,1,1,3,15,Fighter Control Bonus
22852,1,24314,10063,1,22852,0,1,1,1,15,Warfare Link Bonus
22852,0,0,10007,1,22852,0,0,0,200,15,Fighter Control Range 
22852,0,0,50,1,24283,0,0,0,-99,15,Drone Control Unit CPU
# Helios,,,,,,,,,,,
11172,1,3328,10015,4,564;561,0,1,0,5,15,Small Hybrid Turret Damage
11172,1,3328,118,4,837,0,1,0,10,15,Scout Drone Thermal Damage
11172,0,0,50,2,330,0,0,0,-97.5,15,Cloaking Device CPU
11172,1,12093,50,2,330,0,1,0,-20,15,Cloaking Device CPU
11172,1,12093,1371,2,479,0,1,0,10,15,Probe Scan Strength Bonus
# Heretic,,,,,,,,,,,
22452,1,12097,114,2,387;648,0,1,0,5,15,Rocket Damage - EM
22452,1,12097,116,2,387;648,0,1,0,5,15,Rocket Damage - Exp
22452,1,12097,117,2,387;648,0,1,0,5,15,Rocket Damage - Kin
22452,1,12097,118,2,387;648,0,1,0,5,15,Rocket Damage - Therm
22452,1,12097,653,2,387;648;384;653,0,1,0,5,15,Rocket & Light Missile Explosion Velocity
22452,1,12098,37,2,654;656;655;653;648;657;772;386;385;384;387;89;476;88;914,0,1,0,10,15,Missile Velocity
22452,1,12098,51,1,22782,0,1,0,-10,15,Sphere Launcher ROF
# Heron,,,,,,,,,,,
605,1,3330,117,2,654;656;655;653;648;657;772;386;385;384;387;89;476;88;914,0,1,0,5,15,Missile Kinetic Damage
605,1,3330,1371,2,479,0,1,0,5,15,Probe Scan Strength Bonus
# Hoarder,,,,,,,,,,,
651,1,3341,10004,1,651,0,1,0,5,15,Cargo Capacity
651,1,3341,37,1,651,0,1,0,5,15,Max Velocity
# Hound,,,,,,,,,,,
12034,1,3329,653,2,89;657,0,1,0,10,15,Torpedo Explosion Velocity
12034,1,3329,281,2,89;657,0,1,0,10,15,Torpedo Flight Time
12034,1,3329,37,2,89;657,0,1,0,20,15,Torpedo Velocity
12034,1,12093,116,2,89;657,0,1,0,15,15,Explosive Torpedo Damage
12034,1,12093,116,2,90,0,1,0,5,15,Explosive Bomb Damage
12034,0,0,30,2,508,0,0,0,-99.65,15,Siege Missile PG Need
12034,0,0,50,2,330,0,0,0,-99.5,15,Cloaking Device CPU
12034,0,0,560,2,11577,0,0,0,-100,15,Sensor Recalibration Time Bonus
# Huginn,,,,,,,,,,,
11961,1,3333,10013,4,575;578,0,1,0,-5,15,Medium Projectile Turret ROF
11961,1,3333,554,2,379,0,1,0,7.5,15,Target Painter Sig Radius
11961,1,22761,54,2,65,0,1,0,60,15,Stasis Web Range
11961,1,22761,51,2,511;510;771,0,1,0,-5,15,"Assault, Heavy, Heavy Assault Launcher ROF"
# Hulk,,,,,,,,,,,
22544,1,17940,77,4,1040,0,1,0,3,15,Strip Miner Mining Yield
22544,1,22551,77,4,1040,0,1,0,3,15,Strip Miner Mining Yield
22544,1,22551,73,4,1038,0,1,0,-3,15,Ice Harvester Duration
# Hurricane,,,,,,,,,,,
24702,1,12099,10013,4,575;578,0,1,0,-5,15,Medium Projectile Turret ROF
24702,1,12099,10016,4,575;578,0,1,0,5,15,Medium Projectile Turret Damage
24702,0,0,50,1,20069;20409;22227;20406;20405;11052;22553;22557;22555;20124;22228;20514;20070;11017;20408,0,0,0,-99,15,Warfare Link Module CPU Use
# Hyena,,,,,,,,,,,
11387,1,3329,147,4,131,0,1,1,5,15,MWD Capacitor Penalty Bonus
11387,1,3329,554,2,379,0,1,0,7.5,15,Target Painter Sig Radius
11387,1,28615,552,1,11387,0,1,0,-3,15,Signature Radius
11387,1,28615,54,2,65,0,1,0,20,15,Stasis Web Range
# Hyperion,,,,,,,,,,,
24690,1,3336,10015,4,563;566,0,1,0,5,15,Large Hybrid Turret Damage
24690,1,3336,84,2,62,0,1,0,7.5,15,Armor Repair Amount
# Ibis,,,,,,,,,,,
601,1,3330,54,4,564;561,0,1,0,10,15,Small Hybrid Turret Range
# Imicus,,,,,,,,,,,
607,1,3328,10007,1,607,0,1,0,5,15,Drone Control Range 
607,1,3328,1371,2,479,0,1,0,5,15,Probe Scan Strength Bonus
# Impairor,,,,,,,,,,,
596,1,3331,6,4,567;570,0,1,0,-10,15,Small Energy Turret Capacitor
# Impel,,,,,,,,,,,
12753,1,3343,10004,1,12753,0,1,0,5,15,Cargo Capacity
12753,1,3343,37,1,12753,0,1,0,5,15,Max Velocity
12753,1,19719,265,1,12753,0,1,0,5,15,Armor HP
12753,1,19719,84,2,62,0,1,0,5,15,Armor Repair Amount
# Imperial Navy Slicer,,,,,,,,,,,
17703,1,3331,54,4,567;570,0,1,0,10,15,Small Energy Turret Optimal Range
17703,1,3331,10014,4,567;570,0,1,0,25,15,Small Energy Turret Damage
# Incursus,,,,,,,,,,,
3528,1,3328,158,4,561;564,0,1,0,10,15,Small Hybrid Turret Falloff
3528,1,3328,10015,4,564;561,0,1,0,5,15,Small Hybrid Turret Damage
# Inquisitor,,,,,,,,,,,
590,1,3331,114,2,654;656;655;653;648;657;772;386;385;384;387;89;476;88;914,0,1,0,10,15,EM Missile Damage
590,1,3331,116,2,654;656;655;653;648;657;772;386;385;384;387;89;476;88;914,0,1,0,5,15,Exp Missile Damage
590,1,3331,117,2,654;656;655;653;648;657;772;386;385;384;387;89;476;88;914,0,1,0,5,15,Kin Missile Damage
590,1,3331,118,2,654;656;655;653;648;657;772;386;385;384;387;89;476;88;914,0,1,0,5,15,Therm Missile Damage
# Ishkur,,,,,,,,,,,
12042,1,3328,10015,4,564;561,0,1,0,5,15,Small Hybrid Turret Damage
12042,1,12095,54,4,564;561,0,1,0,10,15,Small Hybrid Turret Range
12042,1,12095,283,1,12042,0,1,1,5,15,Drone Bay Capacity
# Ishtar,,,,,,,,,,,
12005,1,3332,10015,4,562;565,0,1,0,5,15,Medium Hybrid Turret Damage
12005,1,3332,263,3,18,0,1,0,10,15,Drone Shield HP
12005,1,3332,265,3,18,0,1,0,10,15,Drone Armor HP
12005,1,3332,9,3,18,0,1,0,10,15,Drone Hull HP
12005,1,3332,64,3,18,0,1,0,10,15,Drone Damage
12005,1,16591,283,1,12005,0,1,1,50,15,Drone Bay Capacity
12005,1,16591,10007,1,12005,0,1,1,5000,15,Drone Control Range 
# Iteron,,,,,,,,,,,
650,1,3340,10004,1,650,0,1,0,5,15,Cargo Capacity
650,1,3340,37,1,650,0,1,0,5,15,Max Velocity
# Iteron Mark II,,,,,,,,,,,
654,1,3340,10004,1,654,0,1,0,5,15,Cargo Capacity
654,1,3340,37,1,654,0,1,0,5,15,Max Velocity
# Iteron Mark III,,,,,,,,,,,
655,1,3340,10004,1,655,0,1,0,5,15,Cargo Capacity
655,1,3340,37,1,655,0,1,0,5,15,Max Velocity
# Iteron Mark IV,,,,,,,,,,,
656,1,3340,10004,1,656,0,1,0,5,15,Cargo Capacity
656,1,3340,37,1,656,0,1,0,5,15,Max Velocity
# Iteron Mark V,,,,,,,,,,,
657,1,3340,10004,1,657,0,1,0,5,15,Cargo Capacity
657,1,3340,37,1,657,0,1,0,5,15,Max Velocity
# Jaguar,,,,,,,,,,,
11400,1,3329,10016,4,574;577,0,1,0,5,15,Small Projectile Turret Damage
11400,1,12095,10016,4,574;577,0,1,0,5,15,Small Projectile Turret Damage
11400,1,12095,54,4,574;577,0,1,0,10,15,Small Projectile Turret Optimal Range
# Keres,,,,,,,,,,,
11174,1,3328,309,2,208,0,1,0,5,15,Remote Sensor Damp Range
11174,1,3328,566,2,208,0,1,0,5,15,Remote Sensor Damp Res
11174,1,3328,6,2,208,0,1,0,-10,15,Remote Sensor Capacitor Use
11174,1,28615,552,1,11174,0,1,0,-3,15,Signature Radius
11174,1,28615,54,2,52,0,1,0,10,15,Warp Disruptor Range
11174,1,28615,6,2,52,0,1,0,-10,15,Warp Disruptor Cap Use
# Kestrel,,,,,,,,,,,
602,1,3330,114,2,654;656;655;653;648;657;772;386;385;384;387;89;476;88;914,0,1,0,5,15,EM Missile Damage
602,1,3330,116,2,654;656;655;653;648;657;772;386;385;384;387;89;476;88;914,0,1,0,5,15,Exp Missile Damage
602,1,3330,117,2,654;656;655;653;648;657;772;386;385;384;387;89;476;88;914,0,1,0,10,15,Kin Missile Damage
602,1,3330,118,2,654;656;655;653;648;657;772;386;385;384;387;89;476;88;914,0,1,0,5,15,Therm Missile Damage
# Kitsune,,,,,,,,,,,
11194,1,3330,238,2,201,0,1,0,20,15,ECM Jam Strength
11194,1,3330,239,2,201,0,1,0,20,15,ECM Jam Strength
11194,1,3330,240,2,201,0,1,0,20,15,ECM Jam Strength
11194,1,3330,241,2,201,0,1,0,20,15,ECM Jam Strength
11194,1,3334,6,2,201,0,1,0,-10,15,ECM Capacitor Use
11194,1,28615,54,2,201,0,1,0,10,15,ECM Optimal Range
11194,1,28615,482,1,11194,0,1,0,5,15,Capacitor Capacity
# Kronos,,,,,,,,,,,
28661,1,3336,10015,4,563;566,0,1,0,5,15,Large Hybrid Turret Damage
28661,1,3336,20,2,65,0,1,0,10,15,Stasis Web Velocity Factor
28661,1,28667,84,2,62,0,1,0,7.5,15,Armor Repair Amount
28661,1,28667,160,4,563;566,0,1,0,10,15,Large Hybrid Turret Tracking
28661,0,0,10015,4,563;566,0,0,0,100,15,Large Hybrid Turret Damage
28661,0,0,1045,2,650,0,0,0,100,15,Tractor Beam Velocity
28661,0,0,54,2,650,0,0,0,100,15,Tractor Beam Range
# Lachesis,,,,,,,,,,,
11971,1,3332,10015,4,562;565,0,1,0,5,15,Medium Hybrid Turret Damage
11971,1,3332,309,2,208,0,1,0,5,15,Remote Sensor Damp Range
11971,1,3332,566,2,208,0,1,0,5,15,Remote Sensor Damp Res
11971,1,22761,54,2,52,0,1,0,20,15,Warp Scrambler Range
11971,1,22761,51,2,511;510,0,1,0,-5,15,"Assault, Heavy Launcher ROF"
# Legion,,,,,,,,,,,
29986,1,30650,1211,7,1211,0,1,0,-5,15,Heat Damage Reduction
# Leviathan,,,,,,,,,,,
3764,1,3346,117,2,476,0,1,0,125,15,Citadel Torpedo Kinetic Damage
3764,1,3346,263,3,6,0,1,0,7.5,16,Gang Shield HP
3764,0,0,50,1,20069;20409;22227;20406;20405;11052;22553;22557;22555;20124;22228;20514;20070;11017;20408,0,0,0,-99,15,Warfare Link Module CPU Use
3764,1,0,10063,1,3764,0,1,1,1,15,Warfare Link Bonus
# Loki,,,,,,,,,,,
29990,1,30653,1211,7,1211,0,1,0,-5,15,Heat Damage Reduction
# Machariel,,,,,,,,,,,
17738,0,0,10013,4,576;579,0,0,0,-25,15,Large Projectile Turret ROF
17738,1,3337,10016,4,576;579,0,1,0,5,15,Large Projectile Turret Damage
17738,1,3336,158,4,576;579,0,1,0,10,15,Large Projectile Turret Falloff
# Mackinaw,,,,,,,,,,,
22548,1,17940,77,4,1040,0,1,0,3,15,Strip Miner Mining Yield
22548,1,22551,73,4,1038,0,1,0,-5,15,Ice Harvester Duration
22548,0,0,77,4,1038,0,0,0,100,15,Ice Harvester Yield
22548,0,0,73,4,1038,0,0,0,25,15,Ice Harvester Duration
# Maelstrom,,,,,,,,,,,
24694,1,3337,10013,4,576;579,0,1,0,-5,15,Large Projectile Turret ROF
24694,1,3337,68,2,40,0,1,0,7.5,15,Shield Booster Boost
# Magnate,,,,,,,,,,,
29248,1,3331,6,4,567;570,0,1,0,-10,15,Small Energy Turret Cap Use
29248,1,3331,1371,2,479,0,1,0,5,15,Probe Scan Strength Bonus
# Malediction,,,,,,,,,,,
11186,1,3331,114,2,387;648,0,1,0,5,15,Rocket Damage - EM
11186,1,3331,116,2,387;648,0,1,0,5,15,Rocket Damage - Exp
11186,1,3331,117,2,387;648,0,1,0,5,15,Rocket Damage - Kin
11186,1,3331,118,2,387;648,0,1,0,5,15,Rocket Damage - Therm
11186,1,3331,267,1,11186,0,1,2,-5,15,Armor EM Resistance
11186,1,3331,268,1,11186,0,1,2,-5,15,Armor Explosive Resistance
11186,1,3331,269,1,11186,0,1,2,-5,15,Armor Kinetic Resistance
11186,1,3331,270,1,11186,0,1,2,-5,15,Armor Thermal Resistance
11186,1,12092,554,2,46,0,1,0,-15,15,MWD Signature Radius Penalty
11186,1,12092,54,2,52,0,1,0,5,15,Warp Scrambler Range
11186,0,0,6,2,52;65,0,0,0,-80,15,Propulsion Jamming Cap Use
# Maller,,,,,,,,,,,
624,1,3335,6,4,568;572,0,1,0,-10,15,Medium Energy Turret Cap Use
624,1,3335,267,1,624,0,1,2,-5,15,Armor EM Resistance
624,1,3335,268,1,624,0,1,2,-5,15,Armor Explosive Resistance
624,1,3335,269,1,624,0,1,2,-5,15,Armor Kinetic Resistance
624,1,3335,270,1,624,0,1,2,-5,15,Armor Thermal Resistance
# Mammoth,,,,,,,,,,,
652,1,3341,10004,1,652,0,1,0,5,15,Cargo Capacity
652,1,3341,37,1,652,0,1,0,5,15,Max Velocity
# Manticore,,,,,,,,,,,
12032,1,3330,653,2,89;657,0,1,0,10,15,Torpedo Explosion Velocity
12032,1,3330,281,2,89;657,0,1,0,10,15,Torpedo Flight Time
12032,1,3330,37,2,89;657,0,1,0,20,15,Torpedo Velocity
12032,1,12093,117,2,89;657,0,1,0,15,15,Kinetic Torpedo Damage
12032,1,12093,117,2,90,0,1,0,5,15,Kinetic Bomb Damage
12032,0,0,30,2,508,0,0,0,-99.65,15,Siege Missile PG Need
12032,0,0,50,2,330,0,0,0,-99.5,15,Cloaking Device CPU
12032,0,0,560,2,11577,0,0,0,-100,15,Sensor Recalibration Time Bonus
# Mastodon,,,,,,,,,,,
12747,1,3341,10004,1,12747,0,1,0,5,15,Cargo Capacity
12747,1,3341,37,1,12747,0,1,0,5,15,Max Velocity
12747,1,19719,263,1,12747,0,1,0,5,15,Shield HP
12747,1,19719,68,2,40,0,1,0,5,15,Shield Booster Boost
# Maulus,,,,,,,,,,,
609,1,3328,10015,4,564;561,0,1,0,5,15,Small Hybrid Turret Damage
609,1,3328,309,2,208,0,1,0,5,15,Remote Sensor Damp Range
609,1,3328,566,2,208,0,1,0,5,15,Remote Sensor Damp Res
# Megathron,,,,,,,,,,,
641,1,3336,10015,4,563;566,0,1,0,5,15,Large Hybrid Turret Damage
641,1,3336,160,4,563;566,0,1,0,7.5,15,Large Hybrid Turret Tracking
# Megathron Federate Issue,,,,,,,,,,,
13202,1,3336,10015,4,563;566,0,1,0,5,15,Large Hybrid Turret Damage
13202,1,3336,160,4,563;566,0,1,0,7.5,15,Large Hybrid Turret Tracking
# Megathron Navy Issue,,,,,,,,,,,
17728,1,3336,10015,4,563;566,0,1,0,5,15,Large Hybrid Turret Damage
17728,1,3336,160,4,563;566,0,1,0,7.5,15,Large Hybrid Turret Tracking
# Merlin,,,,,,,,,,,
603,1,3330,54,4,561;564,0,1,0,10,15,Small Hybrid Turret Optimal Range
603,1,3330,271,1,603,0,1,2,-5,15,Shield EM Resistance
603,1,3330,272,1,603,0,1,2,-5,15,Shield Explosive Resistance
603,1,3330,273,1,603,0,1,2,-5,15,Shield Kinetic Resistance
603,1,3330,274,1,603,0,1,2,-5,15,Shield Thermal Resistance
# Moa,,,,,,,,,,,
623,1,3334,54,4,562;565,0,1,0,10,15,Medium Hybrid Turret Optimal Range
623,1,3334,271,1,623,0,1,2,-5,15,Shield EM Resistance
623,1,3334,272,1,623,0,1,2,-5,15,Shield Explosive Resistance
623,1,3334,273,1,623,0,1,2,-5,15,Shield Kinetic Resistance
623,1,3334,274,1,623,0,1,2,-5,15,Shield Thermal Resistance
# Moros,,,,,,,,,,,
19724,1,20531,10015,4,771;772,0,1,0,5,15,Capital Hybrid Turret Damage
19724,1,20531,263,3,18,0,1,0,20,15,Drone Shield HP
19724,1,20531,265,3,18,0,1,0,20,15,Drone Armor HP
19724,1,20531,9,3,18,0,1,0,20,15,Drone Hull HP
19724,1,20531,64,3,18,0,1,0,20,15,Drone Damage
# Muninn,,,,,,,,,,,
12015,1,3333,10013,4,575;578,0,1,0,-5,15,Medium Projectile Turret ROF
12015,1,3333,10016,4,575;578,0,1,0,5,15,Medium Projectile Turret Damage
12015,1,16591,54,4,575;578,0,1,0,10,15,Medium Projectile Optimal Range
12015,1,16591,160,4,575;578,0,1,0,7.5,15,Medium Projectile Turret Tracking
# Myrmidon,,,,,,,,,,,
24700,1,12099,263,3,18,0,1,0,10,15,Drone Shield HP
24700,1,12099,265,3,18,0,1,0,10,15,Drone Armor HP
24700,1,12099,9,3,18,0,1,0,10,15,Drone Hull HP
24700,1,12099,64,3,18,0,1,0,10,15,Drone Damage
24700,1,12099,84,2,62,0,1,0,7.5,15,Armor Repair Amount
24700,0,0,50,1,20069;20409;22227;20406;20405;11052;22553;22557;22555;20124;22228;20514;20070;11017;20408,0,0,0,-99,15,Warfare Link Module CPU Use
# Naglfar,,,,,,,,,,,
19722,1,20532,51,2,524,0,1,0,-5,15,Citadel Launcher ROF
19722,1,20532,10016,4,775;776,0,1,0,5,15,Capital Projectile Turret Damage
# Navitas,,,,,,,,,,,
592,1,3328,10004,1,592,0,1,0,5,15,Cargo Capacity
592,1,3328,77,2,54,0,1,0,20,15,Mining Laser Yield
592,0,0,6,2,54,0,0,0,-60,15,Mining Laser Cap Use
# Nemesis,,,,,,,,,,,
11377,1,3328,653,2,89;657,0,1,0,10,15,Torpedo Explosion Velocity
11377,1,3328,281,2,89;657,0,1,0,10,15,Torpedo Flight Time
11377,1,3328,37,2,89;657,0,1,0,20,15,Torpedo Velocity
11377,1,12093,118,2,89;657,0,1,0,15,15,Thermal Torpedo Damage
11377,1,12093,118,2,90,0,1,0,5,15,Thermal Bomb Damage
11377,0,0,30,2,508,0,0,0,-99.65,15,Siege Missile PG Need
11377,0,0,50,2,330,0,0,0,-99.5,15,Cloaking Device CPU
11377,0,0,560,2,11577,0,0,0,-100,15,Sensor Recalibration Time Bonus
# Nidhoggur,,,,,,,,,,,
24483,1,24314,54,4,1056,0,1,0,50,15,Capital Armor Transfer Range
24483,1,24314,87,4,600,0,1,0,50,15,Capital Shield Transporter Range
24483,1,24314,84,4,1056,0,1,0,5,15,Capital Armor Transfer Amount
24483,1,24314,68,4,600,0,1,0,5,15,Capital Shield Transporter Amount
24483,0,0,50,1,20069;20409;22227;20406;20405;11052;22553;22557;22555;20124;22228;20514;20070;11017;20408,0,0,0,-99,15,Warfare Link Module CPU Use
24483,1,24314,10005,1,24483,0,1,1,1,15,Fighter Control Bonus
24483,1,24314,10063,1,24483,0,1,1,1,15,Warfare Link Bonus
24483,0,0,10007,1,24483,0,0,0,200,15,Fighter Control Range 
24483,0,0,50,1,24283,0,0,0,-99,15,Drone Control Unit CPU
# Nighthawk,,,,,,,,,,,
22470,1,12099,51,2,511;510;771,0,1,0,-5,15,"Assault, Heavy, Heavy Assault Launcher ROF"
22470,1,12099,271,1,22470,0,1,2,-5,15,Shield EM Resistance
22470,1,12099,272,1,22470,0,1,2,-5,15,Shield Explosive Resistance
22470,1,12099,273,1,22470,0,1,2,-5,15,Shield Kinetic Resistance
22470,1,12099,274,1,22470,0,1,2,-5,15,Shield Thermal Resistance
22470,1,23950,117,2,385;655,0,1,0,5,15,Heavy Missile Kinetic Damage
22470,1,23950,653,2,385;655,0,1,0,5,15,Heavy Missile Explosion Velocity
22470,0,0,50,1,20069;20409;22227;20406;20405;11052;22553;22557;22555;20124;22228;20514;20070;11017;20408,0,0,0,-99,15,Warfare Link Module CPU Use
# Nightmare,,,,,,,,,,,
17736,0,0,10014,4,569;573,0,0,0,100,15,Large Energy Turret Damage
17736,1,3339,160,4,569;573,0,1,0,7.5,15,Large Energy Turret Tracking
17736,1,3338,10014,4,569;573,0,1,0,5,15,Large Energy Turret Damage
# Nomad,,,,,,,,,,,
28846,1,20528,10004,1,28846,0,1,0,5,15,Cargo Capacity
28846,1,20528,70,1,28846,0,1,0,-5,15,Agility
28846,1,29029,263,1,28846,0,1,0,10,15,Shield HP
28846,1,29029,265,1,28846,0,1,0,10,15,Armor HP
28846,1,29029,9,1,28846,0,1,0,10,15,Hull HP
28846,1,29029,868,1,28846,0,1,0,-10,15,Jump Fuel Need
# Nyx,,,,,,,,,,,
23913,1,24313,54,4,1056,0,1,0,50,15,Capital Armor Transfer Range
23913,1,24313,87,4,600,0,1,0,50,15,Capital Shield Transporter Range
23913,1,24313,64,2,549,0,1,0,5,15,Deployed Fighter Damage
23913,1,24313,212,2,1023,0,1,0,5,15,Deployed Fighter Bomber Damage
23913,0,0,50,1,20069;20409;22227;20406;20405;11052;22553;22557;22555;20124;22228;20514;20070;11017;20408,0,0,0,-99,15,Warfare Link Module CPU Use
23913,1,24313,10005,1,23913,0,1,1,3,15,Fighter Control Bonus
23913,1,24313,10063,1,23913,0,1,1,1,15,Warfare Link Bonus
23913,0,0,10007,1,23913,0,0,0,200,15,Fighter Control Range 
23913,0,0,50,1,24283,0,0,0,-99,15,Drone Control Unit CPU
# Obelisk,,,,,,,,,,,
20187,1,20527,10004,1,20187,0,1,0,5,15,Cargo Capacity
20187,1,20527,37,1,20187,0,1,0,5,15,Max Velocity
# Occator,,,,,,,,,,,
12745,1,3340,10004,1,12745,0,1,0,5,15,Cargo Capacity
12745,1,3340,37,1,12745,0,1,0,5,15,Max Velocity
12745,1,19719,84,2,62,0,1,0,5,15,Armor Repair Amount
12745,1,19719,265,1,12745,0,1,0,5,15,Armor HP
# Omen,,,,,,,,,,,
2006,1,3335,6,4,568;572,0,1,0,-10,15,Medium Energy Turret Cap Use
2006,1,3335,10011,4,568;572,0,1,0,-5,15,Medium Energy Turret ROF
# Omen Navy Issue,,,,,,,,,,,
17709,1,3335,6,4,568;572,0,1,0,-10,15,Medium Energy Turret Cap Use
17709,1,3335,10011,4,568;572,0,1,0,-7.5,15,Medium Energy Turret ROF
# Oneiros,,,,,,,,,,,
11989,1,3332,54,2,325,0,1,0,150,15,Remote Armor Repairer Range
11989,1,3332,54,2,209,0,1,0,150,15,Tracking Link Range
11989,1,3332,84,4,842,0,1,0,20,15,Armor Maintenance Bot Transfer
11989,1,12096,6,2,325,0,1,0,-15,15,Remote Armor Repairer Cap Use
11989,1,12096,351,2,209,0,1,0,10,15,Tracking Link Optimal Range Bonus
11989,1,12096,767,2,209,0,1,0,10,15,Tracking Link Tracking Speed Bonus
11989,0,0,30,2,325,0,0,0,-65,15,Remote Armor Repairer Power Need
# Onyx,,,,,,,,,,,
11995,1,3334,117,2,654;656;655;653;648;657;772;386;385;384;387;89;476;88;914,0,1,0,5,15,Kinetic Missile Damage
11995,1,3334,271,1,11995,0,1,2,-5,15,EM Shield Resist
11995,1,3334,272,1,11995,0,1,2,-5,15,Exp Shield Resist
11995,1,3334,273,1,11995,0,1,2,-5,15,Kin Shield Resist
11995,1,3334,274,1,11995,0,1,2,-5,15,Therm Shield Resist
11995,1,28609,37,2,385;655;772;654,0,1,0,10,15,"Heavy, Assault Missile Velocity"
11995,1,28609,103,2,899,0,1,0,5,15,Warp Disruption Field Range
# Orca,,,,,,,,,,,
28606,0,0,1045,2,650,0,0,0,100,15,Tractor Beam Velocity
28606,0,0,54,2,650,0,0,0,250,15,Tractor Beam Range
28606,0,0,197,2,49,0,0,0,500,15,Survey Scanner Range
28606,0,0,50,1,20069;20409;22227;20406;20405;11052;22553;22557;22555;20124;22228;20514;20070;11017;20408,0,0,0,-99,15,Warfare Link Module CPU Use
28606,0,0,10063,1,28606,0,0,1,2,15,Warfare Link Use
28606,1,29637,10004,1,28606,0,1,0,5,15,Cargo Capacity
28606,1,29637,833,1,22553;22555;22557,0,1,0,3,15,Warfare Link Bonus
# Osprey,,,,,,,,,,,
620,1,3334,6,2,41,0,1,0,-10,15,Shield Transporter Cap Use
620,1,3334,77,2,54,0,1,0,20,15,Mining Laser Yield
620,0,0,87,2,41,0,0,0,500,15,Shield Transporter Range
# Osprey Navy Issue,,,,,,,,,,,
29340,1,3334,51,2,511;510;771,0,1,0,-5,15,"Assault, Heavy, Heavy Assault Launcher ROF"
29340,1,3334,37,2,385;655;772;654,0,1,0,10,15,"Heavy, Assault Missile Velocity"
# Paladin,,,,,,,,,,,
28659,1,3339,482,1,28659,0,1,0,5,15,Capacitor Capacity
28659,1,3339,20,2,65,0,1,0,10,15,Stasis Web Velocity Factor
28659,1,28667,84,2,62,0,1,0,7.5,15,Armor Repair Amount
28659,1,28667,10014,4,569;573,0,1,0,5,15,Large Energy Turret Damage
28659,0,0,10014,4,569;573,0,0,0,100,15,Large Energy Turret Damage
28659,0,0,1045,2,650,0,0,0,100,15,Tractor Beam Velocity
28659,0,0,54,2,650,0,0,0,100,15,Tractor Beam Range
# Panther,,,,,,,,,,,
22440,1,3337,10013,4,576;579,0,1,0,-5,15,Large Projectile Turret ROF
22440,1,3337,10016,4,576;579,0,1,0,5,15,Large Projectile Turret Damage
22440,1,28656,37,1,22440,0,1,0,5,15,Max Velocity
22440,1,28656,306,2,330,0,1,9,125,8,Cloaked Velocity Bonus
22440,0,0,560,2,11577,0,0,0,-100,15,Sensor Recalibration Time Bonus
# Phantasm,,,,,,,,,,,
17718,0,0,10014,4,568;572,0,0,0,100,15,Medium Energy Turret Damage
17718,1,3335,160,4,568;572,0,1,0,7.5,15,Medium Energy Turret Tracking
17718,1,3334,10014,4,568;572,0,1,0,5,15,Medium Energy Turret Damage
# Phobos,,,,,,,,,,,
12021,1,3332,10015,4,562;565,0,1,0,5,15,Medium Hybrid Turret Damage
12021,1,3332,267,1,12021,0,1,2,-5,15,Armor EM Resistance
12021,1,3332,268,1,12021,0,1,2,-5,15,Armor Explosive Resistance
12021,1,3332,269,1,12021,0,1,2,-5,15,Armor Kinetic Resistance
12021,1,3332,270,1,12021,0,1,2,-5,15,Armor Thermal Resistance
12021,1,28609,158,4,562;565,0,1,0,10,15,Medium Hybrid Turret Falloff
12021,1,28609,103,2,899,0,1,0,5,15,Warp Disruption Field Range
# Phoenix,,,,,,,,,,,
19726,1,20530,117,2,654;656;655;653;648;657;772;386;385;384;387;89;476;88;914,0,1,0,5,15,Kinetic Missile Damage
19726,1,20530,51,2,524,0,1,0,-5,15,Citadel Launcher ROF
# Pilgrim,,,,,,,,,,,
11965,1,3335,351,2,291,0,1,0,5,15,Tracking Disruptor Range
11965,1,3335,767,2,291,0,1,0,5,15,Tracking Disruptor Tracking
11965,1,3335,263,3,18,0,1,0,10,15,Drone Shield HP
11965,1,3335,265,3,18,0,1,0,10,15,Drone Armor HP
11965,1,3335,9,3,18,0,1,0,10,15,Drone Hull HP
11965,1,3335,64,3,18,0,1,0,10,15,Drone Damage
11965,1,22761,90,2,68,0,1,0,20,15,Nos Drain Amount
11965,1,22761,97,2,71,0,1,0,20,15,Neut Drain Amount
11965,0,0,50,2,330,0,0,0,-95,15,Cloaking Device CPU
11965,1,22761,50,2,330,0,1,0,-20,15,Cloaking Device CPU
11965,0,0,714,2,658,0,0,0,-80,15,Cyno Field Fuel
11965,0,0,73,2,658,0,0,0,-50,15,Cyno Field Duration
# Probe,,,,,,,,,,,
586,1,3329,10004,1,586,0,1,0,5,15,Cargo Capacity
586,1,3329,1371,2,479,0,1,0,5,15,Probe Scan Strength Bonus
# Procurer,,,,,,,,,,,
17480,1,17940,77,4,1040,0,1,0,3,15,Strip Miner Mining Yield
# Prophecy,,,,,,,,,,,
16233,1,12099,6,4,568;572,0,1,0,-10,15,Medium Energy Turret Cap Use
16233,1,12099,267,1,16233,0,1,2,-5,15,Armor EM Resistance
16233,1,12099,268,1,16233,0,1,2,-5,15,Armor Explosive Resistance
16233,1,12099,269,1,16233,0,1,2,-5,15,Armor Kinetic Resistance
16233,1,12099,270,1,16233,0,1,2,-5,15,Armor Thermal Resistance
16233,0,0,50,1,20069;20409;22227;20406;20405;11052;22553;22557;22555;20124;22228;20514;20070;11017;20408,0,0,0,-99,15,Warfare Link Module CPU Use
# Prorator,,,,,,,,,,,
12733,1,3343,10004,1,12733,0,1,0,5,15,Cargo Capacity
12733,1,3343,37,1,12733,0,1,0,5,15,Max Velocity
12733,0,0,50,2,330,0,0,0,-98.5,15,Cloaking Device CPU
12733,1,19719,50,2,330,0,1,0,-10,15,Cloaking Device CPU
12733,1,19719,84,2,62,0,1,0,5,15,Armor Repair Amount
# Proteus,,,,,,,,,,,
29988,1,30652,1211,7,1211,0,1,0,-5,15,Heat Damage Reduction
# Providence,,,,,,,,,,,
20183,1,20524,10004,1,20183,0,1,0,5,15,Cargo Capacity
20183,1,20524,37,1,20183,0,1,0,5,15,Max Velocity
# Prowler,,,,,,,,,,,
12735,1,3341,10004,1,12735,0,1,0,5,15,Cargo Capacity
12735,1,3341,37,1,12735,0,1,0,5,15,Max Velocity
12735,0,0,50,2,330,0,0,0,-98.5,15,Cloaking Device CPU
12735,1,19719,50,2,330,0,1,0,-10,15,Cloaking Device CPU
12735,1,19719,68,2,40,0,1,0,5,15,Shield Booster Boost
# Punisher,,,,,,,,,,,
597,1,3331,6,4,567;570,0,1,0,-10,15,Small Energy Turret Cap Use
597,1,3331,267,1,597,0,1,2,-5,15,Armor EM Resistance
597,1,3331,268,1,597,0,1,2,-5,15,Armor Explosive Resistance
597,1,3331,269,1,597,0,1,2,-5,15,Armor Kinetic Resistance
597,1,3331,270,1,597,0,1,2,-5,15,Armor Thermal Resistance
# Purifier,,,,,,,,,,,
12038,1,3331,653,2,89;657,0,1,0,10,15,Torpedo Explosion Velocity
12038,1,3331,281,2,89;657,0,1,0,10,15,Torpedo Flight Time
12038,1,3331,37,2,89;657,0,1,0,20,15,Torpedo Velocity
12038,1,12093,114,2,89;657,0,1,0,15,15,EM Torpedo Damage
12038,1,12093,114,2,90,0,1,0,5,15,EM Bomb Damage
12038,0,0,30,2,508,0,0,0,-99.65,15,Siege Missile PG Need
12038,0,0,50,2,330,0,0,0,-99.5,15,Cloaking Device CPU
12038,0,0,560,2,11577,0,0,0,-100,15,Sensor Recalibration Time Bonus
# Ragnarok,,,,,,,,,,,
23773,1,3345,10016,4,775;776,0,1,0,125,15,Capital Projectile Turret Damage
23773,1,3345,552,3,6,0,1,0,7.5,16,Gang Sig Radius
23773,0,0,50,1,20069;20409;22227;20406;20405;11052;22553;22557;22555;20124;22228;20514;20070;11017;20408,0,0,0,-99,15,Warfare Link Module CPU Use
23773,1,0,10063,1,23773,0,1,1,1,15,Warfare Link Bonus
# Rapier,,,,,,,,,,,
11963,1,3333,10013,4,575;578,0,1,0,-5,15,Medium Projectile Turret ROF
11963,1,3333,554,2,379,0,1,0,7.5,15,Target Painter Sig Radius
11963,1,22761,54,2,65,0,1,0,60,15,Stasis Web Range
11963,0,0,50,2,330,0,0,0,-95,15,Cloaking Device CPU
11963,1,22761,50,2,330,0,1,0,-20,15,Cloaking Device CPU
11963,0,0,714,2,658,0,0,0,-80,15,Cyno Field Fuel
11963,0,0,73,2,658,0,0,0,-50,15,Cyno Field Duration
# Raptor,,,,,,,,,,,
11178,1,3330,10015,4,564;561,0,1,0,5,15,Small Hybrid Turret Damage
11178,1,3330,54,4,561;564,0,1,0,10,15,Small Hybrid Turret Optimal Range
11178,1,12092,554,2,46,0,1,0,-15,15,MWD Signature Radius Penalty
11178,1,12092,54,2,52,0,1,0,5,15,Warp Disruptor Range
11178,0,0,6,2,52;65,0,0,0,-80,15,Propulsion Jamming Cap Use
# Rattlesnake,,,,,,,,,,,
17918,0,0,37,2,656;657;386;89,0,0,0,50,15,Cruise & Torpedo Velocity
17918,1,3338,271,1,17918,0,1,2,-5,15,Shield EM Resistance
17918,1,3338,272,1,17918,0,1,2,-5,15,Shield Explosive Resistance
17918,1,3338,273,1,17918,0,1,2,-5,15,Shield Kinetic Resistance
17918,1,3338,274,1,17918,0,1,2,-5,15,Shield Thermal Resistance
17918,1,3336,263,3,18,0,1,0,10,15,Drone Shield HP
17918,1,3336,265,3,18,0,1,0,10,15,Drone Armor HP
17918,1,3336,9,3,18,0,1,0,10,15,Drone Hull HP
17918,1,3336,64,3,18,0,1,0,10,15,Drone Damage
# Raven,,,,,,,,,,,
638,1,3338,51,2,506;508,0,1,0,-5,15,Cruise & Siege ROF
638,1,3338,37,2,656;657;386;89,0,1,0,10,15,Cruise & Torpedo Velocity
# Raven Navy Issue,,,,,,,,,,,
17636,1,3338,51,2,506;508,0,1,0,-5,15,Cruise & Siege ROF
17636,1,3338,37,2,656;657;386;89,0,1,0,10,15,Cruise & Torpedo Velocity
# Raven State Issue,,,,,,,,,,,
26840,1,3338,51,2,506;508,0,1,0,-5,15,Cruise & Siege ROF
26840,1,3338,37,2,656;657;386;89,0,1,0,10,15,Cruise & Torpedo Velocity
# Reaper,,,,,,,,,,,
588,1,3329,37,1,588,0,1,0,5,15,Max Velocity
# Redeemer,,,,,,,,,,,
22428,1,3339,6,4,569;573,0,1,0,-10,15,Large Energy Turret Cap Use
22428,1,3339,10011,4,569;573,0,1,0,-5,15,Large Energy Turret ROF
22428,1,28656,160,4,569;573,0,1,0,7.5,15,Large Energy Turret Tracking
22428,1,28656,306,2,330,0,1,9,125,8,Cloaked Velocity Bonus
22428,0,0,560,2,11577,0,0,0,-100,15,Sensor Recalibration Time Bonus
# Republic Fleet Firetail,,,,,,,,,,,
17812,1,3329,10016,4,574;577,0,1,0,20,15,Small Projectile Turret Tracking
17812,1,3329,37,4,574;577,0,1,0,7.5,15,Small Projectile Turret Damage
# Retribution,,,,,,,,,,,
11393,1,3331,6,4,567;570,0,1,0,-10,15,Small Energy Turret Cap Use
11393,1,12095,54,4,567;570,0,1,0,10,15,Small Energy Turret Optimal Range
11393,1,12095,10014,4,567;570,0,1,0,5,15,Small Energy Turret Damage
# Retriever,,,,,,,,,,,
17478,1,17940,77,4,1040,0,1,0,3,15,Strip Miner Mining Yield
# Revelation,,,,,,,,,,,
19720,1,20525,6,4,773;774,0,1,0,-10,15,Capital Energy Turret Cap
19720,1,20525,10011,4,773;774,0,1,0,-5,15,Capital Energy Turret ROF
# Rhea,,,,,,,,,,,
28844,1,20526,10004,1,28844,0,1,0,5,15,Cargo Capacity
28844,1,20526,70,1,28844,0,1,0,-5,15,Agility
28844,1,29029,263,1,28844,0,1,0,10,15,Shield HP
28844,1,29029,265,1,28844,0,1,0,10,15,Armor HP
28844,1,29029,9,1,28844,0,1,0,10,15,Hull HP
28844,1,29029,868,1,28844,0,1,0,-10,15,Jump Fuel Need
# Rifter,,,,,,,,,,,
587,1,3329,10016,4,574;577,0,1,0,5,15,Small Projectile Turret Damage
587,1,3329,160,4,574;577,0,1,0,7.5,15,Small Projectile Turret Tracking
# Rokh,,,,,,,,,,,
24688,1,3338,54,4,563;566,0,1,0,10,15,Large Hybrid Turret Optimal Range
24688,1,3338,271,1,24688,0,1,2,-5,15,Shield EM Resistance
24688,1,3338,272,1,24688,0,1,2,-5,15,Shield Explosive Resistance
24688,1,3338,273,1,24688,0,1,2,-5,15,Shield Kinetic Resistance
24688,1,3338,274,1,24688,0,1,2,-5,15,Shield Thermal Resistance
# Rook,,,,,,,,,,,
11959,1,3334,6,2,201,0,1,0,-10,15,ECM Capacitor Use
11959,1,3334,51,2,510;771,0,1,0,-5,15,Heavy & Heavy Assault Launcher ROF
11959,1,22761,238,2,201,0,1,0,30,15,ECM Jam Strength
11959,1,22761,239,2,201,0,1,0,30,15,ECM Jam Strength
11959,1,22761,240,2,201,0,1,0,30,15,ECM Jam Strength
11959,1,22761,241,2,201,0,1,0,30,15,ECM Jam Strength
11959,1,22761,117,2,384;653;385;655,0,1,0,5,15,"Light, Heavy Missile Kinetic Damage"
# Rorqual,,,,,,,,,,,
28352,1,28374,87,4,600,0,1,0,50,15,Capital Shield Transfer Range
28352,1,28374,263,3,18,0,1,0,20,15,Drone Shield HP
28352,1,28374,265,3,18,0,1,0,20,15,Drone Armor HP
28352,1,28374,9,3,18,0,1,0,20,15,Drone Hull HP
28352,1,28374,64,3,18,0,1,0,20,15,Drone Damage
28352,1,28374,714,1,28583,0,1,0,-5,15,Industrial Core Fuel Need
28352,1,28374,1238,1,28583,0,1,0,5,15,Mining Foreman Ganglink Bonus
28352,0,0,197,2,49,0,0,0,900,15,Survey Scanner Range
28352,0,0,126,2,47,0,0,0,200,15,Cargo Scanner Range
28352,0,0,50,1,20069;20409;22227;20406;20405;11052;22553;22557;22555;20124;22228;20514;20070;11017;20408,0,0,0,-99,15,Warfare Link Module CPU Use
28352,0,0,10063,1,28352,0,0,1,2,15,Warfare Link Use
# Rupture,,,,,,,,,,,
629,1,3333,10013,4,575;578,0,1,0,-5,15,Medium Projectile Turret ROF
629,1,3333,10016,4,575;578,0,1,0,5,15,Medium Projectile Turret Damage
# Sabre,,,,,,,,,,,
22456,1,12097,10016,4,574;577,0,1,0,5,15,Small Projectile Turret Damage
22456,1,12097,160,4,574;577,0,1,0,10,15,Small Projectile Turret Tracking
22456,1,12098,158,4,574;577,0,1,0,10,15,Small Projectile Turret Falloff
22456,1,12098,51,1,22782,0,1,0,-10,15,Sphere Launcher ROF
# Sacrilege,,,,,,,,,,,
12019,1,3335,114,2,772;654,0,1,0,5,15,EM Assault Missile Damage
12019,1,3335,116,2,772;654,0,1,0,5,15,Explosive Assault Missile Damage
12019,1,3335,117,2,772;654,0,1,0,5,15,Kinetic Assault Missile Damage
12019,1,3335,118,2,772;654,0,1,0,5,15,Thermal Assault Missile Damage
12019,1,3335,267,1,12019,0,1,2,-5,15,Armor EM Resistance
12019,1,3335,268,1,12019,0,1,2,-5,15,Armor Explosive Resistance
12019,1,3335,269,1,12019,0,1,2,-5,15,Armor Kinetic Resistance
12019,1,3335,270,1,12019,0,1,2,-5,15,Armor Thermal Resistance
12019,1,16591,482,1,12019,0,1,0,5,15,Capacitor Capacity
12019,1,16591,51,2,511;862;524;506;510;771;507;508;501;509,0,1,0,-5,15,Missile ROF
# Scimitar,,,,,,,,,,,
11978,1,3333,87,2,41,0,1,0,150,15,Shield Transporter Range
11978,1,3333,54,2,209,0,1,0,150,15,Tracking Link Range
11978,1,3333,68,4,842,0,1,0,20,15,Shield Maintenance Bot Transfer
11978,1,12096,6,2,41,0,1,0,-15,15,Shield Transporter Cap Use
11978,1,12096,351,2,209,0,1,0,10,15,Tracking Link Optimal Range Bonus
11978,1,12096,767,2,209,0,1,0,10,15,Tracking Link Tracking Speed Bonus
11978,0,0,50,2,41,0,0,0,-50,15,Shield Transporter CPU
# Scorpion,,,,,,,,,,,
640,1,3338,54,2,201,0,1,0,20,15,ECM Optimal Range
640,1,3338,158,2,201,0,1,0,20,15,ECM Falloff
640,1,3338,238,2,201,0,1,0,15,15,ECM Jam Strength
640,1,3338,239,2,201,0,1,0,15,15,ECM Jam Strength
640,1,3338,240,2,201,0,1,0,15,15,ECM Jam Strength
640,1,3338,241,2,201,0,1,0,15,15,ECM Jam Strength
640,1,3338,142,2,80,0,1,0,20,15,ECM Burst Radius
# Scorpion Navy Issue,,,,,,,,,,,
32309,1,3338,51,2,506;508,0,1,0,-5,15,Cruise & Siege ROF
32309,1,3338,271,1,32309,0,1,2,-5,15,Shield EM Resistance
32309,1,3338,272,1,32309,0,1,2,-5,15,Shield Explosive Resistance
32309,1,3338,273,1,32309,0,1,2,-5,15,Shield Kinetic Resistance
32309,1,3338,274,1,32309,0,1,2,-5,15,Shield Thermal Resistance
# Scythe,,,,,,,,,,,
631,1,3333,77,2,54,0,1,0,20,15,Mining Laser Yield
631,1,3333,351,2,209,0,1,0,3.5,15,Tracking Link Optimal Range Bonus
631,1,3333,767,2,209,0,1,0,3.5,15,Tracking Link Tracking Speed Bonus
631,0,0,351,2,209,0,0,0,500,15,Tracking Link Optimal Range Bonus
# Scythe Fleet Issue,,,,,,,,,,,
29336,1,3333,10013,4,575;578,0,1,0,-5,15,Medium Projectile Turret ROF
29336,1,3333,51,2,511;510;771,0,1,0,-5,15,"Assault, Heavy, Heavy Assault Launcher ROF"
# Sentinel,,,,,,,,,,,
11190,1,3331,351,2,291,0,1,0,5,15,Tracking Disruptor Range
11190,1,3331,767,2,291,0,1,0,5,15,Tracking Disruptor Tracking
11190,1,3331,90,2,68,0,1,0,20,15,Nos Drain Amount
11190,1,3331,97,2,71,0,1,0,20,15,Neut Drain Amount
11190,1,28615,91,2,68,0,1,0,40,15,Nos Drain Range
11190,1,28615,98,2,71,0,1,0,40,15,Neut Drain Range
11190,1,28615,55,1,11190,0,1,0,-5,15,Capacitor Recharge Rate
# Sigil,,,,,,,,,,,
19744,1,3343,10004,1,19744,0,1,0,5,15,Cargo Capacity
19744,1,3343,37,1,19744,0,1,0,5,15,Max Velocity
# Silver Magnate,,,,,,,,,,,
11942,1,3331,6,4,567;570,0,1,0,-5,15,Small Energy Turret Cap Use
11942,1,3331,10014,4,567;570,0,1,0,5,15,Small Energy Turret Damage
# Sin,,,,,,,,,,,
22430,1,3336,10015,4,563;566,0,1,0,5,15,Large Hybrid Turret Damage
22430,1,3336,263,3,18,0,1,0,10,15,Drone Shield HP
22430,1,3336,265,3,18,0,1,0,10,15,Drone Armor HP
22430,1,3336,9,3,18,0,1,0,10,15,Drone Hull HP
22430,1,3336,64,3,18,0,1,0,10,15,Drone Damage
22430,1,28656,70,1,22430,0,1,0,-5,15,Agility
22430,1,28656,306,2,330,0,1,9,125,8,Cloaked Velocity Bonus
22430,0,0,560,2,11577,0,0,0,-100,15,Sensor Recalibration Time Bonus
# Skiff,,,,,,,,,,,
22546,1,17940,77,4,1040,0,1,0,3,15,Strip Miner Mining Yield
22546,1,22551,782,2,663,0,1,0,60,15,Mercoxit Mining Crystal Yield Bonus
22546,1,22551,73,4,1038,0,1,0,-3,15,Ice Harvester Duration
# Slasher,,,,,,,,,,,
585,1,3329,10016,4,574;577,0,1,0,5,15,Small Projectile Turret Damage
585,1,3329,160,4,574;577,0,1,0,7.5,15,Small Projectile Turret Tracking
# Sleipnir,,,,,,,,,,,
22444,1,12099,10013,4,575;578,0,1,0,-5,15,Medium Projectile Turret ROF
22444,1,12099,68,2,40,0,1,0,7.5,15,Shield Booster Boost
22444,1,23950,10016,4,575;578,0,1,0,5,15,Medium Projectile Turret Damage
22444,1,23950,158,4,575;578,0,1,0,10,15,Medium Projectile Turret Falloff
22444,0,0,50,1,20069;20409;22227;20406;20405;11052;22553;22557;22555;20124;22228;20514;20070;11017;20408,0,0,0,-99,15,Warfare Link Module CPU Use
# Stabber,,,,,,,,,,,
622,1,3333,10013,4,575;578,0,1,0,-5,15,Medium Projectile Turret ROF
622,1,3333,37,1,622,0,1,0,5,15,Max Velocity
# Stabber Fleet Issue,,,,,,,,,,,
17713,1,3333,10013,4,575;578,0,1,0,-5,15,Medium Projectile Turret ROF
17713,1,3333,160,4,575;578,0,1,0,10,15,Medium Projectile Turret Tracking
# Stiletto,,,,,,,,,,,
11198,1,3329,10016,4,574;577,0,1,0,5,15,Small Projectile Turret Damage
11198,1,3329,160,4,574;577,0,1,0,7.5,15,Small Projectile Turret Tracking
11198,1,12092,554,2,46,0,1,0,-15,15,MWD Signature Radius Penalty
11198,1,12092,54,2,52,0,1,0,5,15,Warp Disruptor Range
11198,0,0,6,2,52;65,0,0,0,-80,15,Propulsion Jamming Cap Use
# Succubus,,,,,,,,,,,
17924,0,0,10014,4,567;570,0,0,0,100,15,Small Energy Turret Damage
17924,1,3330,160,4,567;570,0,1,0,7.5,15,Small Energy Turret Tracking
17924,1,3331,10014,4,567;570,0,1,0,5,15,Small Energy Turret Damage
# Taranis,,,,,,,,,,,
11200,1,3328,10015,4,564;561,0,1,0,10,15,Small Hybrid Turret Damage
11200,1,12092,554,2,46,0,1,0,-15,15,MWD Signature Radius Penalty
11200,1,12092,160,4,561;564,0,1,0,7.5,15,Small Hybrid Turret Tracking
11200,0,0,6,2,52;65,0,0,0,-80,15,Propulsion Jamming Cap Use
# Tempest,,,,,,,,,,,
639,1,3337,10013,4,576;579,0,1,0,-5,15,Large Projectile Turret ROF
639,1,3337,10016,4,576;579,0,1,0,5,15,Large Projectile Turret Damage
# Tempest Fleet Issue,,,,,,,,,,,
17732,1,3337,10013,4,576;579,0,1,0,-5,15,Large Projectile Turret ROF
17732,1,3337,10016,4,576;579,0,1,0,5,15,Large Projectile Turret Damage
# Tempest Tribal Issue,,,,,,,,,,,
26842,1,3337,10013,4,576;579,0,1,0,-5,15,Large Projectile Turret ROF
26842,1,3337,10016,4,576;579,0,1,0,5,15,Large Projectile Turret Damage
# Tengu,,,,,,,,,,,
29984,1,30651,1211,7,1211,0,1,0,-5,15,Heat Damage Reduction
# Thanatos,,,,,,,,,,,
23911,1,24313,54,4,1056,0,1,0,50,15,Capital Armor Transfer Range
23911,1,24313,87,4,600,0,1,0,50,15,Capital Shield Transfer Range
23911,1,24313,64,2,549,0,1,0,5,15,Deployed Fighter Damage
23911,0,0,50,1,20069;20409;22227;20406;20405;11052;22553;22557;22555;20124;22228;20514;20070;11017;20408,0,0,0,-99,15,Warfare Link Module CPU Use
23911,1,24313,10005,1,23911,0,1,1,1,15,Fighter Control Bonus
23911,0,0,10007,1,23911,0,0,0,200,15,Fighter Control Range 
23911,0,0,50,1,24283,0,0,0,-99,15,Drone Control Unit CPU
# Thorax,,,,,,,,,,,
627,1,3332,10015,4,562;565,0,1,0,5,15,Medium Hybrid Turret Damage
627,1,3332,147,4,131,0,1,1,5,15,MWD Capacitor Penalty Bonus
# Thrasher,,,,,,,,,,,
16242,1,12097,160,4,574;577,0,1,0,10,15,Small Projectile Turret Tracking
16242,1,12097,10016,4,574;577,0,1,0,5,15,Small Projectile Turret Damage
16242,0,0,10011,2,53;55;74,0,0,0,25,15,Energy Turret ROF
16242,0,0,10012,2,53;55;74,0,0,0,25,15,Hybrid Turret ROF
16242,0,0,10013,2,53;55;74,0,0,0,25,15,Projectile Turret ROF
16242,0,0,54,4,574;577,0,0,0,50,15,Small Projectile Turret Optimal Range
# Tormentor,,,,,,,,,,,
591,1,3331,10004,1,591,0,1,0,5,15,Cargo Capacity
591,1,3331,77,2,54,0,1,0,20,15,Mining Laser Yield
591,0,0,6,2,54,0,0,0,-60,15,Mining Laser Cap Use
# Tristan,,,,,,,,,,,
593,1,3328,10015,4,564;561,0,1,0,5,15,Small Hybrid Turret Damage
593,1,3328,160,4,561;564,0,1,0,7.5,15,Small Hybrid Turret Tracking
# Typhoon,,,,,,,,,,,
644,1,3337,10013,4,576;579,0,1,0,-5,15,Large Projectile Turret ROF
644,1,3337,51,2,506;508,0,1,0,-5,15,Cruise & Siege ROF
# Typhoon Fleet Issue,,,,,,,,,,,
32311,1,3337,10013,4,576;579,0,1,0,-5,15,Large Projectile Turret ROF
32311,1,3337,51,2,506;508,0,1,0,-5,15,Cruise & Siege ROF
# Vagabond,,,,,,,,,,,
11999,1,3333,10013,4,575;578,0,1,0,-5,15,Medium Projectile Turret ROF
11999,1,3333,37,1,11999,0,1,0,5,15,Max Velocity
11999,1,16591,158,4,575;578,0,1,0,10,15,Medium Projectile Turret Falloff
11999,1,16591,10016,4,575;578,0,1,0,5,15,Medium Projectile Turret Damage
# Vargur,,,,,,,,,,,
28665,1,3337,10013,4,576;579,0,1,0,-5,15,Large Projectile Turret ROF
28665,1,3337,158,4,576;579,0,1,0,10,15,Large Projectile Turret Falloff
28665,1,28667,68,2,40,0,1,0,7.5,15,Shield Booster Boost
28665,1,28667,160,4,576;579,0,1,0,7.5,15,Large Projectile Turret Tracking
28665,0,0,10016,4,576;579,0,0,0,100,15,Large Projectile Turret Damage
28665,0,0,1045,2,650,0,0,0,100,15,Tractor Beam Velocity
28665,0,0,54,2,650,0,0,0,100,15,Tractor Beam Range
# Velator,,,,,,,,,,,
626,1,3328,10015,4,564;561,0,1,0,5,15,Small Hybrid Turret Damage
# Vengeance,,,,,,,,,,,
11365,1,3331,114,2,387;648,0,1,0,5,15,Rocket Damage - EM
11365,1,3331,116,2,387;648,0,1,0,5,15,Rocket Damage - Exp
11365,1,3331,117,2,387;648,0,1,0,5,15,Rocket Damage - Kin
11365,1,3331,118,2,387;648,0,1,0,5,15,Rocket Damage - Therm
11365,1,12095,267,1,11365,0,1,2,-5,15,Armor EM Resistance
11365,1,12095,268,1,11365,0,1,2,-5,15,Armor Explosive Resistance
11365,1,12095,269,1,11365,0,1,2,-5,15,Armor Kinetic Resistance
11365,1,12095,270,1,11365,0,1,2,-5,15,Armor Thermal Resistance
11365,1,12095,55,1,11365,0,1,0,-5,15,Capacitor Recharge Rate
# Vexor,,,,,,,,,,,
626,1,3332,10015,4,562;565,0,1,0,5,15,Medium Hybrid Turret Damage
626,1,3332,263,3,18,0,1,0,10,15,Drone Shield HP
626,1,3332,265,3,18,0,1,0,10,15,Drone Armor HP
626,1,3332,9,3,18,0,1,0,10,15,Drone Hull HP
626,1,3332,64,3,18,0,1,0,10,15,Drone Damage
626,1,3332,77,3,18,0,1,0,10,15,Drone Mining Yield
# Vexor Navy Issue,,,,,,,,,,,
17843,1,3332,10015,4,562;565,0,1,0,5,15,Medium Hybrid Turret Damage
17843,1,3332,263,3,18,0,1,0,10,15,Drone Shield HP
17843,1,3332,265,3,18,0,1,0,10,15,Drone Armor HP
17843,1,3332,9,3,18,0,1,0,10,15,Drone Hull HP
17843,1,3332,64,3,18,0,1,0,10,15,Drone Damage
17843,1,3332,77,3,18,0,1,0,10,15,Drone Mining Yield
# Viator,,,,,,,,,,,
12743,1,3340,10004,1,12743,0,1,0,5,15,Cargo Capacity
12743,1,3340,37,1,12743,0,1,0,5,15,Max Velocity
12743,0,0,50,2,330,0,0,0,-98.5,15,Cloaking Device CPU
12743,1,19719,50,2,330,0,1,0,-10,15,Cloaking Device CPU
12743,1,19719,73,2,62,0,1,0,-5,15,Armor Repair Duration
# Vigil,,,,,,,,,,,
3766,1,3329,37,1,3766,0,1,0,5,15,Max Velocity
3766,1,3329,554,2,379,0,1,0,5,15,Target Painter Sig Radius
# Vigilant,,,,,,,,,,,
17722,0,0,10015,4,562;565,0,0,0,75,15,Medium Hybrid Turret Damage
17722,1,3332,158,4,562;565,0,1,0,10,15,Medium Hybrid Turret Falloff
17722,1,3333,20,2,65,0,1,0,10,15,Stasis Web Strength
# Vindicator,,,,,,,,,,,
17740,0,0,10015,4,563;566,0,0,0,25,15,Large Hybrid Turret Damage
17740,1,3336,160,4,563;566,0,1,0,7.5,15,Large Hybrid Turret Tracking
17740,1,3337,20,2,65,0,1,0,10,15,Stasis Web Strength
# Vulture,,,,,,,,,,,
22446,1,12099,54,4,562;565,0,1,0,10,15,Medium Hybrid Turret Range
22446,1,12099,271,1,22446,0,1,2,-5,15,Shield EM Resistance
22446,1,12099,272,1,22446,0,1,2,-5,15,Shield Explosive Resistance
22446,1,12099,273,1,22446,0,1,2,-5,15,Shield Kinetic Resistance
22446,1,12099,274,1,22446,0,1,2,-5,15,Shield Thermal Resistance
22446,1,23950,54,4,562;565,0,1,0,10,15,Medium Hybrid Turret Range
22446,1,23950,833,1,20124;22228;20514,0,1,0,3,15,Skirmish Warfare Link Bonus
22446,0,0,50,1,20069;20409;22227;20406;20405;11052;22553;22557;22555;20124;22228;20514;20070;11017;20408,0,0,0,-99,15,Warfare Link Module CPU Use
22446,0,0,10063,1,22446,0,0,1,2,15,Warfare Link Use
# Widow,,,,,,,,,,,
22436,1,3338,51,2,506;508,0,1,0,-5,15,Cruise & Siege ROF
22436,1,3338,37,2,656;657;386;89,0,1,0,10,15,Cruise & Torpedo Velocity
22436,1,28656,238,2,201,0,1,0,30,15,ECM Jam Strength
22436,1,28656,239,2,201,0,1,0,30,15,ECM Jam Strength
22436,1,28656,240,2,201,0,1,0,30,15,ECM Jam Strength
22436,1,28656,241,2,201,0,1,0,30,15,ECM Jam Strength
22436,1,28656,306,2,330,0,1,9,125,8,Cloaked Velocity Bonus
22436,0,0,560,2,11577,0,0,0,-100,15,Sensor Recalibration Time Bonus
# Wolf,,,,,,,,,,,
11371,1,3329,10016,4,574;577,0,1,0,5,15,Small Projectile Turret Damage
11371,1,12095,10016,4,574;577,0,1,0,5,15,Small Projectile Turret Damage
11371,1,12095,158,4,574;577,0,1,0,10,15,Small Projectile Turret Falloff
# Worm,,,,,,,,,,,
17930,0,0,37,2,387;648;384;653,0,0,0,50,15,"Rocket, Light Missile Velocity"
17930,1,3330,271,1,17930,0,1,2,-5,15,Shield EM Resistance
17930,1,3330,272,1,17930,0,1,2,-5,15,Shield Explosive Resistance
17930,1,3330,273,1,17930,0,1,2,-5,15,Shield Kinetic Resistance
17930,1,3330,274,1,17930,0,1,2,-5,15,Shield Thermal Resistance
17930,1,3328,283,1,17930,0,1,1,5,15,Drone Bay Capacity
# Wreathe,,,,,,,,,,,
653,1,3341,10004,1,653,0,1,0,5,15,Cargo Capacity
653,1,3341,37,1,653,0,1,0,5,15,Max Velocity
# Wyvern,,,,,,,,,,,
23917,1,24312,91,4,910,0,1,0,50,15,Capital Energy Transfer Range
23917,1,24312,87,4,600,0,1,0,50,15,Capital Shield Transfer Range
23917,1,24312,271,1,23917,0,1,2,-5,15,Shield EM Resistance
23917,1,24312,272,1,23917,0,1,2,-5,15,Shield Explosive Resistance
23917,1,24312,273,1,23917,0,1,2,-5,15,Shield Kinetic Resistance
23917,1,24312,274,1,23917,0,1,2,-5,15,Shield Thermal Resistance
23917,0,0,50,1,20069;20409;22227;20406;20405;11052;22553;22557;22555;20124;22228;20514;20070;11017;20408,0,0,0,-99,15,Warfare Link Module CPU Use
23917,1,24312,10005,1,23917,0,1,1,3,15,Fighter Control Bonus
23917,1,24312,10063,1,23917,0,1,1,1,15,Warfare Link Bonus
23917,0,0,10007,1,23917,0,0,0,200,15,Fighter Control Range 
23917,0,0,50,1,24283,0,0,0,-99,15,Drone Control Unit CPU
# Zealot,,,,,,,,,,,
12003,1,3335,6,4,568;572,0,1,0,-10,15,Medium Energy Turret Cap Use
12003,1,3335,10011,4,568;572,0,1,0,-5,15,Medium Energy Turret ROF
12003,1,16591,10014,4,568;572,0,1,0,5,15,Medium Energy Turret Damage
12003,1,16591,54,4,568;572,0,1,0,10,15,Medium Energy Turret Optimal Range
